"","rep","gamma2","gammaTrue","gammahat","ptrue","phat","Strue","Shat"
"1",1,0,0.3,0.316987049686446,0.3,0.298888172829562,0.8,0.768675834789909
"2",2,0.05,0.3,0.33689150152276,0.3,0.277502102542783,0.8,0.78201756230979
"3",3,0.1,0.3,0.304660685069951,0.3,0.243520501195712,0.8,0.779241196063282
"4",4,0.15,0.3,0.291929961007,0.3,0.226298135125125,0.8,0.782832923806908
"5",5,0.2,0.3,0.258086817758359,0.3,0.214355828117245,0.8,0.804867114804407
"6",6,0.25,0.3,0.245745351094501,0.3,0.198980477903812,0.8,0.79388289748407
"7",7,0.3,0.3,0.166810857150465,0.3,0.179518705672821,0.8,0.793721115802299
"8",8,0.35,0.3,0.141673919387483,0.3,0.170233445176014,0.8,0.801675574018425
"9",9,0.4,0.3,0.0725345058044118,0.3,0.160724877772667,0.8,0.792093618406637
"10",10,0.45,0.3,0.0653910749083264,0.3,0.159686166995595,0.8,0.797892896290902
"11",11,0.5,0.3,6.68943209578771e-07,0.3,0.151554198515815,0.8,0.794975123106697
"12",12,0,0.3,0.356947490195419,0.3,0.302955357190902,0.8,0.794493656564483
"13",13,0.05,0.3,0.381625429141414,0.3,0.272758147144054,0.8,0.782334428865774
"14",14,0.1,0.3,0.350632533196512,0.3,0.25016452769929,0.8,0.78382487862732
"15",15,0.15,0.3,0.323653569961529,0.3,0.237684744244144,0.8,0.783285120832485
"16",16,0.2,0.3,0.275329221974466,0.3,0.221940408732288,0.8,0.788538752906472
"17",17,0.25,0.3,0.227611962993505,0.3,0.197390847603764,0.8,0.800443173375567
"18",18,0.3,0.3,0.172515027263943,0.3,0.175977947993303,0.8,0.809013398136182
"19",19,0.35,0.3,0.163158249425137,0.3,0.179068772975112,0.8,0.794117807782511
"20",20,0.4,0.3,0.0574423688633794,0.3,0.15811835571163,0.8,0.793425020495309
"21",21,0.45,0.3,0.0955088506069601,0.3,0.17087775319348,0.8,0.797783830433492
"22",22,0.5,0.3,1.11290024936326e-06,0.3,0.149119169819854,0.8,0.79887366919113
"23",23,0,0.3,0.347344328196026,0.3,0.300729785822133,0.8,0.775771378781889
"24",24,0.05,0.3,0.342903256874752,0.3,0.275200149333373,0.8,0.76640132917706
"25",25,0.1,0.3,0.36530459366007,0.3,0.247153584598849,0.8,0.795364963475632
"26",26,0.15,0.3,0.34817726814535,0.3,0.239182509863857,0.8,0.797500040678269
"27",27,0.2,0.3,0.252844831394133,0.3,0.207963004716159,0.8,0.794815803683482
"28",28,0.25,0.3,0.248621287005475,0.3,0.200229116124439,0.8,0.79159264163227
"29",29,0.3,0.3,0.141596294004985,0.3,0.188763900921449,0.8,0.792782673670003
"30",30,0.35,0.3,0.0659879185696552,0.3,0.158087235458398,0.8,0.801680884292643
"31",31,0.4,0.3,0.0754773736563443,0.3,0.165630920958319,0.8,0.808175229261006
"32",32,0.45,0.3,0.0159620081165318,0.3,0.154173495332209,0.8,0.795307373133367
"33",33,0.5,0.3,9.13989353335285e-07,0.3,0.148702638046766,0.8,0.815541890546087
"34",34,0,0.3,0.308305757962127,0.3,0.305873946448892,0.8,0.745636467813072
"35",35,0.05,0.3,0.359462225417691,0.3,0.264087896108055,0.8,0.789187379817682
"36",36,0.1,0.3,0.331956356950891,0.3,0.247705263170699,0.8,0.794517134297525
"37",37,0.15,0.3,0.291294888847386,0.3,0.211096322099555,0.8,0.796444151099754
"38",38,0.2,0.3,0.266761621927923,0.3,0.207214615751042,0.8,0.818541482085978
"39",39,0.25,0.3,0.186164403894608,0.3,0.187305058022904,0.8,0.801361553119184
"40",40,0.3,0.3,0.200899473842877,0.3,0.185942774913555,0.8,0.810089372795043
"41",41,0.35,0.3,0.114391652351782,0.3,0.168819764170562,0.8,0.798414825575435
"42",42,0.4,0.3,0.117789485092738,0.3,0.170468663280938,0.8,0.800683703581567
"43",43,0.45,0.3,0.232207632978446,0.3,0.2067329926928,0.8,0.815107781629682
"44",44,0.5,0.3,2.70817067732535e-07,0.3,0.153065684802775,0.8,0.800615262862037
"45",45,0,0.3,0.362017361493441,0.3,0.28692079482395,0.8,0.765894990682824
"46",46,0.05,0.3,0.371158883376139,0.3,0.264701551229162,0.8,0.784853384377503
"47",47,0.1,0.3,0.338543842511746,0.3,0.240714952461323,0.8,0.792406849208756
"48",48,0.15,0.3,0.329352866184506,0.3,0.235951787254943,0.8,0.786381343805221
"49",49,0.2,0.3,0.229304188842707,0.3,0.203041777598995,0.8,0.799939599381869
"50",50,0.25,0.3,0.224175014339535,0.3,0.188461773286256,0.8,0.796375954561778
"51",51,0.3,0.3,0.133499459937989,0.3,0.172555244660878,0.8,0.806730457646306
"52",52,0.35,0.3,0.120685663246565,0.3,0.173574295161705,0.8,0.785185106901385
"53",53,0.4,0.3,0.144681418258033,0.3,0.170111125891871,0.8,0.813720832418597
"54",54,0.45,0.3,1.93962880731707e-06,0.3,0.153584938039619,0.8,0.796067950584446
"55",55,0.5,0.3,0.00975411532573814,0.3,0.153884259654828,0.8,0.802191854419595
"56",56,0,0.3,0.328904282951242,0.3,0.312200985599016,0.8,0.746836753240021
"57",57,0.05,0.3,0.358287028057127,0.3,0.276157054665712,0.8,0.783522625051497
"58",58,0.1,0.3,0.327443742623006,0.3,0.260114216284276,0.8,0.795355197730267
"59",59,0.15,0.3,0.338877446858424,0.3,0.215543462122175,0.8,0.804546647003946
"60",60,0.2,0.3,0.330882998706906,0.3,0.213355523908206,0.8,0.805840758805254
"61",61,0.25,0.3,0.257796815769764,0.3,0.199908105618021,0.8,0.799338483668866
"62",62,0.3,0.3,0.184939318972348,0.3,0.180563217758445,0.8,0.796525539870221
"63",63,0.35,0.3,0.138124068615746,0.3,0.175849970037459,0.8,0.809374876951954
"64",64,0.4,0.3,0.136884407021897,0.3,0.170760376202407,0.8,0.801318650297753
"65",65,0.45,0.3,0.00894199186062915,0.3,0.155426186942157,0.8,0.786440905494469
"66",66,0.5,0.3,9.88704843987338e-07,0.3,0.146560918099287,0.8,0.807637592213596
"67",67,0,0.3,0.370427820326203,0.3,0.295807489867187,0.8,0.787550251945002
"68",68,0.05,0.3,0.337085548093141,0.3,0.272295318800829,0.8,0.777753982313092
"69",69,0.1,0.3,0.351313969896603,0.3,0.256052207836326,0.8,0.80015722384573
"70",70,0.15,0.3,0.346253544340382,0.3,0.236612840324773,0.8,0.796450830397825
"71",71,0.2,0.3,0.295033702734623,0.3,0.21184369696701,0.8,0.804910914010189
"72",72,0.25,0.3,0.250269851136668,0.3,0.205048707011684,0.8,0.798378658001819
"73",73,0.3,0.3,0.149179233348534,0.3,0.180938852432128,0.8,0.793269122827762
"74",74,0.35,0.3,0.145530564898201,0.3,0.179687121805824,0.8,0.79209109877121
"75",75,0.4,0.3,0.0579202809344763,0.3,0.160082401226343,0.8,0.795706481485089
"76",76,0.45,0.3,0.0453953716159995,0.3,0.152833520449901,0.8,0.810678665258156
"77",77,0.5,0.3,1.40218839541862e-06,0.3,0.150336049584334,0.8,0.792805047483045
"78",78,0,0.3,0.327734108351015,0.3,0.298638800389182,0.8,0.759797895520888
"79",79,0.05,0.3,0.313826613219729,0.3,0.270380231547018,0.8,0.76887606306875
"80",80,0.1,0.3,0.357192855741933,0.3,0.262430332761773,0.8,0.785317482781577
"81",81,0.15,0.3,0.295714823206215,0.3,0.229933329677288,0.8,0.799813220852813
"82",82,0.2,0.3,0.282270809174055,0.3,0.211822476372623,0.8,0.798800841630983
"83",83,0.25,0.3,0.206696899841489,0.3,0.188897253844724,0.8,0.815316193992153
"84",84,0.3,0.3,0.145676589335032,0.3,0.17668187064255,0.8,0.813960254341713
"85",85,0.35,0.3,0.12482012890116,0.3,0.167853979362715,0.8,0.798977027304798
"86",86,0.4,0.3,0.0484296219084603,0.3,0.158632972220558,0.8,0.80795876357111
"87",87,0.45,0.3,7.642185844281e-08,0.3,0.155772657614847,0.8,0.802978677322255
"88",88,0.5,0.3,9.24163508920669e-09,0.3,0.145434753438568,0.8,0.786218856623218
"89",89,0,0.3,0.359048526275419,0.3,0.301720891929794,0.8,0.764040622934096
"90",90,0.05,0.3,0.371235231722174,0.3,0.27617118741891,0.8,0.786884197216467
"91",91,0.1,0.3,0.327622369548976,0.3,0.242957199019383,0.8,0.788687118191932
"92",92,0.15,0.3,0.336827099595064,0.3,0.231909064548222,0.8,0.79595553695673
"93",93,0.2,0.3,0.28695627329827,0.3,0.214544673270356,0.8,0.797695668225455
"94",94,0.25,0.3,0.20389435578397,0.3,0.195783634567347,0.8,0.795882816222169
"95",95,0.3,0.3,0.210053925028153,0.3,0.185553891598353,0.8,0.799712811736465
"96",96,0.35,0.3,0.145763206419752,0.3,0.173442249544864,0.8,0.805775991221431
"97",97,0.4,0.3,0.0953009644699409,0.3,0.177367516429567,0.8,0.791210420075715
"98",98,0.45,0.3,0.0423467858393438,0.3,0.154392975571979,0.8,0.793223512593244
"99",99,0.5,0.3,2.67192954124227e-06,0.3,0.15127259279594,0.8,0.807553901931028
"100",100,0,0.3,0.338938657150088,0.3,0.306549035941101,0.8,0.759625239829762
"101",101,0.05,0.3,0.367923684882197,0.3,0.274908089125347,0.8,0.797300344873144
"102",102,0.1,0.3,0.349896246262396,0.3,0.254241958562773,0.8,0.786411898816986
"103",103,0.15,0.3,0.315552342938609,0.3,0.228625022913921,0.8,0.797148047086928
"104",104,0.2,0.3,0.236313617542074,0.3,0.204027605369925,0.8,0.792650694305051
"105",105,0.25,0.3,0.212955176012374,0.3,0.198982119597549,0.8,0.799475924214609
"106",106,0.3,0.3,0.206907586477602,0.3,0.184798858490502,0.8,0.810532740609594
"107",107,0.35,0.3,0.110909063821557,0.3,0.160953462816299,0.8,0.800804628756713
"108",108,0.4,0.3,0.0774846616597193,0.3,0.161674228275448,0.8,0.805454649566985
"109",109,0.45,0.3,0.0328932758555844,0.3,0.157489916063053,0.8,0.803368027027532
"110",110,0.5,0.3,4.87456643215852e-07,0.3,0.154634658230046,0.8,0.808450656128955
"111",111,0,0.3,0.34814681209497,0.3,0.311134145698972,0.8,0.771541960565048
"112",112,0.05,0.3,0.340477869213802,0.3,0.276476279988522,0.8,0.767527915565178
"113",113,0.1,0.3,0.351571622815918,0.3,0.247098586805033,0.8,0.779422576713629
"114",114,0.15,0.3,0.31116657470754,0.3,0.228136497692313,0.8,0.794337555839446
"115",115,0.2,0.3,0.295079878352911,0.3,0.219289025402718,0.8,0.796211181527596
"116",116,0.25,0.3,0.22009943659192,0.3,0.193777244623277,0.8,0.803084320339359
"117",117,0.3,0.3,0.205622618533312,0.3,0.180386990343647,0.8,0.808210402660926
"118",118,0.35,0.3,0.142097404299479,0.3,0.178632780442521,0.8,0.814765794024831
"119",119,0.4,0.3,0.0615329697781111,0.3,0.160240921136638,0.8,0.782440805583658
"120",120,0.45,0.3,0.0460607154113905,0.3,0.156797364980704,0.8,0.795130245706288
"121",121,0.5,0.3,1.971899820188e-07,0.3,0.154421948122388,0.8,0.800625367278112
"122",122,0,0.3,0.339547647405924,0.3,0.310657783876485,0.8,0.765036542750443
"123",123,0.05,0.3,0.360460155460297,0.3,0.266612972835437,0.8,0.774447216307662
"124",124,0.1,0.3,0.363401424800578,0.3,0.254465603188591,0.8,0.800408604712322
"125",125,0.15,0.3,0.314510849194484,0.3,0.225774720473415,0.8,0.792572417274855
"126",126,0.2,0.3,0.306595613475447,0.3,0.213344463794303,0.8,0.803291859593487
"127",127,0.25,0.3,0.199274950049517,0.3,0.192691346124418,0.8,0.804116694619647
"128",128,0.3,0.3,0.182023262960253,0.3,0.190167434304078,0.8,0.799789010816046
"129",129,0.35,0.3,0.137326119236694,0.3,0.177413525990411,0.8,0.798719361308429
"130",130,0.4,0.3,0.0680165689600933,0.3,0.158851635802278,0.8,0.807604265485058
"131",131,0.45,0.3,2.6055009304055e-06,0.3,0.148468876550152,0.8,0.804167471843465
"132",132,0.5,0.3,0.0105806290070725,0.3,0.14802747250671,0.8,0.79595443256433
"133",133,0,0.3,0.328476502989493,0.3,0.290385667787752,0.8,0.762775770600898
"134",134,0.05,0.3,0.364942207762524,0.3,0.268138019279157,0.8,0.77536092021152
"135",135,0.1,0.3,0.312422481105082,0.3,0.254667111795609,0.8,0.748546096372905
"136",136,0.15,0.3,0.293061104342895,0.3,0.222409008616316,0.8,0.774263401234623
"137",137,0.2,0.3,0.306467561324918,0.3,0.206679437231444,0.8,0.81159470241008
"138",138,0.25,0.3,0.20529841105526,0.3,0.183526857386022,0.8,0.787176766548099
"139",139,0.3,0.3,0.190022574386777,0.3,0.192665975333196,0.8,0.789773371394488
"140",140,0.35,0.3,0.149152466890888,0.3,0.176890462810443,0.8,0.807096877405172
"141",141,0.4,0.3,0.128949219158021,0.3,0.172908654012801,0.8,0.79569978402721
"142",142,0.45,0.3,1.68012278632068e-06,0.3,0.153295477174858,0.8,0.790078357978185
"143",143,0.5,0.3,0.0301958513521991,0.3,0.145239637648938,0.8,0.803246331768453
"144",144,0,0.3,0.328475157454792,0.3,0.291918798962038,0.8,0.779465348188198
"145",145,0.05,0.3,0.320136451112561,0.3,0.272122446966083,0.8,0.764959364877924
"146",146,0.1,0.3,0.343309422029054,0.3,0.262133460920512,0.8,0.781702445049514
"147",147,0.15,0.3,0.318480850630704,0.3,0.236045328574154,0.8,0.777192119476916
"148",148,0.2,0.3,0.291090615235727,0.3,0.211613892771282,0.8,0.786348887167284
"149",149,0.25,0.3,0.272184170527736,0.3,0.201693289162664,0.8,0.808426528063063
"150",150,0.3,0.3,0.201233104164747,0.3,0.193120763694593,0.8,0.803882130326766
"151",151,0.35,0.3,0.166489202367926,0.3,0.177182332570551,0.8,0.796482133380185
"152",152,0.4,0.3,0.0626720115974234,0.3,0.163286813055095,0.8,0.810021548834209
"153",153,0.45,0.3,0.0746114101393109,0.3,0.15873025494983,0.8,0.808349730249407
"154",154,0.5,0.3,0.00497745192419395,0.3,0.148267820211564,0.8,0.804148037816853
"155",155,0,0.3,0.363172983434001,0.3,0.316356573679806,0.8,0.766159640891942
"156",156,0.05,0.3,0.32656176066185,0.3,0.261603102945326,0.8,0.787758885630235
"157",157,0.1,0.3,0.326932894814259,0.3,0.247925964353174,0.8,0.783624783628793
"158",158,0.15,0.3,0.317578992016723,0.3,0.232594401968006,0.8,0.800165250987953
"159",159,0.2,0.3,0.25281521077632,0.3,0.20714365718471,0.8,0.810623268560469
"160",160,0.25,0.3,0.203132085785255,0.3,0.188216604356019,0.8,0.801782696842785
"161",161,0.3,0.3,0.193793586556189,0.3,0.184159656289545,0.8,0.802168114805986
"162",162,0.35,0.3,0.113620252323602,0.3,0.161705037902909,0.8,0.79840351065206
"163",163,0.4,0.3,0.095925371646774,0.3,0.15742670110091,0.8,0.807270678491479
"164",164,0.45,0.3,0.00635729827159684,0.3,0.151706944146059,0.8,0.798874649303976
"165",165,0.5,0.3,0.0106033701842636,0.3,0.149632897131347,0.8,0.778405506631867
"166",166,0,0.3,0.340108330151616,0.3,0.300369490562521,0.8,0.763401338617581
"167",167,0.05,0.3,0.377075098572185,0.3,0.270003759727389,0.8,0.784803651362993
"168",168,0.1,0.3,0.334827328881691,0.3,0.259766062811961,0.8,0.778863956774338
"169",169,0.15,0.3,0.33947467862551,0.3,0.230665756657154,0.8,0.791232704206933
"170",170,0.2,0.3,0.273251928732231,0.3,0.208561386759688,0.8,0.796203717514841
"171",171,0.25,0.3,0.212047734363634,0.3,0.192354469060589,0.8,0.795796686189268
"172",172,0.3,0.3,0.163790569522151,0.3,0.181689405256249,0.8,0.782614472361229
"173",173,0.35,0.3,0.129614077688196,0.3,0.176694046424952,0.8,0.792292433875889
"174",174,0.4,0.3,0.110598454554318,0.3,0.163142671079725,0.8,0.812677405385605
"175",175,0.45,0.3,0.0147595644276202,0.3,0.146400324722195,0.8,0.804904852606537
"176",176,0.5,0.3,0.0301544770335569,0.3,0.154655235114256,0.8,0.800155001148046
"177",177,0,0.3,0.334629472998256,0.3,0.293291039932203,0.8,0.77305507016949
"178",178,0.05,0.3,0.354176241571491,0.3,0.281175946549588,0.8,0.783099153457424
"179",179,0.1,0.3,0.31458133107265,0.3,0.235634446366168,0.8,0.79594788732402
"180",180,0.15,0.3,0.328536128443733,0.3,0.241747655921754,0.8,0.780286133975822
"181",181,0.2,0.3,0.232657344973264,0.3,0.2061246624559,0.8,0.792589530937338
"182",182,0.25,0.3,0.166144948085058,0.3,0.186345128711075,0.8,0.794086742050699
"183",183,0.3,0.3,0.191642957612066,0.3,0.186186297680527,0.8,0.803315876621529
"184",184,0.35,0.3,0.139376322721813,0.3,0.175279962343058,0.8,0.784138167462872
"185",185,0.4,0.3,0.144861268423077,0.3,0.16774674719787,0.8,0.801578141707119
"186",186,0.45,0.3,0.105954150648425,0.3,0.167188473219562,0.8,0.80840160774837
"187",187,0.5,0.3,2.21227045202651e-05,0.3,0.146459019097165,0.8,0.817475422065619
"188",188,0,0.3,0.321706160883102,0.3,0.316633795413325,0.8,0.765737600414185
"189",189,0.05,0.3,0.306756464925305,0.3,0.259929790767327,0.8,0.775877279240402
"190",190,0.1,0.3,0.391539855510465,0.3,0.259676947408128,0.8,0.786150995385128
"191",191,0.15,0.3,0.268640613241217,0.3,0.227119646301954,0.8,0.798881992002925
"192",192,0.2,0.3,0.308687484285607,0.3,0.223037442449316,0.8,0.795783783043185
"193",193,0.25,0.3,0.225221712825076,0.3,0.191264071518637,0.8,0.794397128806487
"194",194,0.3,0.3,0.157290113207492,0.3,0.178130382234287,0.8,0.794168159593093
"195",195,0.35,0.3,0.163871750097502,0.3,0.180028354133531,0.8,0.794785223810323
"196",196,0.4,0.3,0.0104988707761186,0.3,0.148362242676795,0.8,0.790605967672455
"197",197,0.45,0.3,1.76022703472885e-06,0.3,0.149543658178783,0.8,0.791314937151691
"198",198,0.5,0.3,2.36400310869544e-07,0.3,0.151233528109518,0.8,0.807481967669001
"199",199,0,0.3,0.285912047546168,0.3,0.291952161819737,0.8,0.760747805242487
"200",200,0.05,0.3,0.366946912530999,0.3,0.270589176576716,0.8,0.800712316402254
"201",201,0.1,0.3,0.328722849426764,0.3,0.235349792136286,0.8,0.785157005235118
"202",202,0.15,0.3,0.309459584823122,0.3,0.240803900179055,0.8,0.804533107308567
"203",203,0.2,0.3,0.295884006185371,0.3,0.204662381483639,0.8,0.797571879727235
"204",204,0.25,0.3,0.272684065546672,0.3,0.209131279689195,0.8,0.78455661903242
"205",205,0.3,0.3,0.160804196828275,0.3,0.181107847038686,0.8,0.775675656889794
"206",206,0.35,0.3,0.11801755162686,0.3,0.175855665731609,0.8,0.800755509054205
"207",207,0.4,0.3,0.142099647379719,0.3,0.174115106152858,0.8,0.807193232129122
"208",208,0.45,0.3,0.0120892229094531,0.3,0.142874282803073,0.8,0.802767801320716
"209",209,0.5,0.3,0.0353290188859933,0.3,0.155807220922006,0.8,0.801062075070892
"210",210,0,0.3,0.298203403022572,0.3,0.297519410915022,0.8,0.749552566817219
"211",211,0.05,0.3,0.355525197417805,0.3,0.283622811690128,0.8,0.792526216688914
"212",212,0.1,0.3,0.356886206430007,0.3,0.242238080440947,0.8,0.788284370987297
"213",213,0.15,0.3,0.350808580161049,0.3,0.230984840455255,0.8,0.798576626911484
"214",214,0.2,0.3,0.254941771948513,0.3,0.210945880659836,0.8,0.804757136400165
"215",215,0.25,0.3,0.210958214699774,0.3,0.199026592650039,0.8,0.801411849592739
"216",216,0.3,0.3,0.136517584813593,0.3,0.180608601579997,0.8,0.79572883225684
"217",217,0.35,0.3,0.160649797361065,0.3,0.168856208318295,0.8,0.795538003872799
"218",218,0.4,0.3,0.0400783991782437,0.3,0.156041529664923,0.8,0.80614166035324
"219",219,0.45,0.3,0.0900528336683919,0.3,0.158819022414878,0.8,0.80659221574902
"220",220,0.5,0.3,5.5221412281873e-08,0.3,0.150000453312548,0.8,0.800422518980014
"221",221,0,0.3,0.31641105589552,0.3,0.311234439421652,0.8,0.770236501501535
"222",222,0.05,0.3,0.310369333848648,0.3,0.28463105883571,0.8,0.777455270563655
"223",223,0.1,0.3,0.340802175485007,0.3,0.246031391191583,0.8,0.796839229440822
"224",224,0.15,0.3,0.28754253807188,0.3,0.223812181561794,0.8,0.781301388946899
"225",225,0.2,0.3,0.173686857571381,0.3,0.201850838144018,0.8,0.780072720025472
"226",226,0.25,0.3,0.22103254740333,0.3,0.188188385462331,0.8,0.802939613852177
"227",227,0.3,0.3,0.166439514569491,0.3,0.17801241448566,0.8,0.79909953081425
"228",228,0.35,0.3,0.0739920064862314,0.3,0.165447158831429,0.8,0.781281806667669
"229",229,0.4,0.3,0.036720628270314,0.3,0.157935472444439,0.8,0.798610226798001
"230",230,0.45,0.3,0.016484538137086,0.3,0.155856104216253,0.8,0.785865493954458
"231",231,0.5,0.3,7.90094724713658e-06,0.3,0.147541504462668,0.8,0.787137461478416
"232",232,0,0.3,0.312145716375135,0.3,0.290222699908228,0.8,0.771248875993052
"233",233,0.05,0.3,0.338687061750365,0.3,0.2623869000668,0.8,0.776246356726559
"234",234,0.1,0.3,0.318960486257868,0.3,0.255830997971575,0.8,0.769721745467852
"235",235,0.15,0.3,0.303734835949816,0.3,0.230196605521428,0.8,0.788750758532517
"236",236,0.2,0.3,0.180337304128668,0.3,0.202062680274133,0.8,0.7816679901204
"237",237,0.25,0.3,0.227883097406628,0.3,0.19484480151134,0.8,0.788515240850229
"238",238,0.3,0.3,0.171738166395499,0.3,0.181145460937116,0.8,0.790770028299273
"239",239,0.35,0.3,0.122290833969399,0.3,0.176501682151323,0.8,0.787206233499404
"240",240,0.4,0.3,0.0853130299718276,0.3,0.169087438472297,0.8,0.792943390359344
"241",241,0.45,0.3,3.9337644117765e-09,0.3,0.147018478668353,0.8,0.806327000384299
"242",242,0.5,0.3,0.0172370873461384,0.3,0.15448663339163,0.8,0.800211346405656
"243",243,0,0.3,0.293296346108271,0.3,0.299292601256676,0.8,0.736390207414097
"244",244,0.05,0.3,0.34656786978407,0.3,0.268402496039924,0.8,0.774963845267175
"245",245,0.1,0.3,0.323172916348048,0.3,0.243057454365668,0.8,0.79054535403879
"246",246,0.15,0.3,0.296065124533356,0.3,0.231742183439361,0.8,0.78118897017308
"247",247,0.2,0.3,0.273168252878283,0.3,0.201253952735552,0.8,0.807080653830918
"248",248,0.25,0.3,0.233070463835268,0.3,0.203397178634909,0.8,0.791341357617349
"249",249,0.3,0.3,0.159712455882508,0.3,0.188684254504854,0.8,0.796860565243053
"250",250,0.35,0.3,0.116501092968907,0.3,0.177029014883236,0.8,0.784506498141223
"251",251,0.4,0.3,0.0806137794502825,0.3,0.163036480800016,0.8,0.793627808027707
"252",252,0.45,0.3,0.0805801894173247,0.3,0.159466907535028,0.8,0.796126420573822
"253",253,0.5,0.3,1.42769767635238e-06,0.3,0.151036046620991,0.8,0.797599018278783
"254",254,0,0.3,0.28439058820337,0.3,0.295730776751449,0.8,0.772302109785024
"255",255,0.05,0.3,0.320521464148719,0.3,0.276344974874649,0.8,0.769527882967612
"256",256,0.1,0.3,0.32311635479239,0.3,0.24764327060624,0.8,0.787480071633202
"257",257,0.15,0.3,0.32035516267186,0.3,0.233620119341193,0.8,0.793731004792388
"258",258,0.2,0.3,0.241075525068818,0.3,0.207037335081997,0.8,0.782952804793227
"259",259,0.25,0.3,0.25585352075339,0.3,0.20426053754122,0.8,0.786772657132022
"260",260,0.3,0.3,0.184532269567695,0.3,0.175035910756899,0.8,0.787342372683325
"261",261,0.35,0.3,0.0763240581001465,0.3,0.172457790590469,0.8,0.796368949104203
"262",262,0.4,0.3,0.0573883582652226,0.3,0.16364763010676,0.8,0.805822671224447
"263",263,0.45,0.3,0.00676811192478585,0.3,0.15360395750679,0.8,0.789674117243134
"264",264,0.5,0.3,2.5363441129318e-08,0.3,0.151231525674022,0.8,0.794892214120523
"265",265,0,0.3,0.397819032722821,0.3,0.304058878347835,0.8,0.775840012040236
"266",266,0.05,0.3,0.345847336713421,0.3,0.267291836634008,0.8,0.781177192677534
"267",267,0.1,0.3,0.309061976656794,0.3,0.238068592373111,0.8,0.77480964271823
"268",268,0.15,0.3,0.351849954990258,0.3,0.237552101890949,0.8,0.794493085106692
"269",269,0.2,0.3,0.301510016656322,0.3,0.222395917088041,0.8,0.800486809094992
"270",270,0.25,0.3,0.213822359182587,0.3,0.194994446104669,0.8,0.80323989939341
"271",271,0.3,0.3,0.172745996363937,0.3,0.184362543289148,0.8,0.796460476183538
"272",272,0.35,0.3,0.150521436151723,0.3,0.173561227596094,0.8,0.802572426279189
"273",273,0.4,0.3,0.0850105320100958,0.3,0.164628625947612,0.8,0.801712902660058
"274",274,0.45,0.3,0.0433969067210996,0.3,0.155215866012277,0.8,0.803246363376783
"275",275,0.5,0.3,1.29225367766579e-08,0.3,0.14922919784436,0.8,0.799497661933393
"276",276,0,0.3,0.353036689040989,0.3,0.304579153002755,0.8,0.771427897098002
"277",277,0.05,0.3,0.323958969451706,0.3,0.272495179718454,0.8,0.766222161590678
"278",278,0.1,0.3,0.352938893552286,0.3,0.248346630304514,0.8,0.796173275217408
"279",279,0.15,0.3,0.293165635693874,0.3,0.214215897948549,0.8,0.783339215126732
"280",280,0.2,0.3,0.230184874685261,0.3,0.207755310517328,0.8,0.794054577185398
"281",281,0.25,0.3,0.253842615154447,0.3,0.205045267654285,0.8,0.789538922228616
"282",282,0.3,0.3,0.179858345958213,0.3,0.184026771786391,0.8,0.79666255410095
"283",283,0.35,0.3,0.155547137093746,0.3,0.176695253856253,0.8,0.781746280251815
"284",284,0.4,0.3,0.0767684656862402,0.3,0.167126730951582,0.8,0.799258674540348
"285",285,0.45,0.3,0.124862760614795,0.3,0.161646065942797,0.8,0.800293076998699
"286",286,0.5,0.3,6.37602703703261e-06,0.3,0.146165554880166,0.8,0.797344283761123
"287",287,0,0.3,0.312541629715541,0.3,0.289769641157217,0.8,0.744951539436635
"288",288,0.05,0.3,0.375437802956341,0.3,0.286081842081084,0.8,0.773249575239782
"289",289,0.1,0.3,0.328176253904916,0.3,0.251710070101567,0.8,0.77853389909701
"290",290,0.15,0.3,0.29084284283203,0.3,0.220500291097561,0.8,0.797872818698416
"291",291,0.2,0.3,0.281389450613669,0.3,0.215891320047005,0.8,0.793203517844032
"292",292,0.25,0.3,0.204377671246769,0.3,0.193274251073387,0.8,0.785812362873695
"293",293,0.3,0.3,0.129150317912862,0.3,0.17171023144186,0.8,0.798672525880996
"294",294,0.35,0.3,0.0539362225567793,0.3,0.16537161835256,0.8,0.787523664400148
"295",295,0.4,0.3,0.0757984382080057,0.3,0.159268645814759,0.8,0.789941312704666
"296",296,0.45,0.3,0.0282759951974666,0.3,0.152975220379831,0.8,0.794508122217915
"297",297,0.5,0.3,1.25232936057564e-06,0.3,0.150904292279596,0.8,0.791923995050978
"298",298,0,0.3,0.33107522376924,0.3,0.301698180529647,0.8,0.757927010756165
"299",299,0.05,0.3,0.317562196254556,0.3,0.265219915116923,0.8,0.762036472031316
"300",300,0.1,0.3,0.34189293463101,0.3,0.248311500564961,0.8,0.783856596753624
"301",301,0.15,0.3,0.349280511241927,0.3,0.23037205098588,0.8,0.8027590612671
"302",302,0.2,0.3,0.266024058626701,0.3,0.210941869297822,0.8,0.795358485569856
"303",303,0.25,0.3,0.197665752970981,0.3,0.19751830201766,0.8,0.798131552278597
"304",304,0.3,0.3,0.154793683896882,0.3,0.173447138176516,0.8,0.790112837058883
"305",305,0.35,0.3,0.11270833244096,0.3,0.161299795569487,0.8,0.795242899346606
"306",306,0.4,0.3,0.0788880080498465,0.3,0.16098967232764,0.8,0.798992975676102
"307",307,0.45,0.3,0.060756568000756,0.3,0.167840193495295,0.8,0.80038099767228
"308",308,0.5,0.3,1.22659560152946e-07,0.3,0.144823960817893,0.8,0.810702975098467
"309",309,0,0.3,0.335269190071837,0.3,0.284669971496606,0.8,0.764268874423454
"310",310,0.05,0.3,0.395172001656034,0.3,0.275878968376692,0.8,0.778401125345389
"311",311,0.1,0.3,0.338971639452673,0.3,0.25073449679907,0.8,0.77208822108148
"312",312,0.15,0.3,0.291270735702537,0.3,0.225687402110269,0.8,0.781561989770653
"313",313,0.2,0.3,0.224529872652193,0.3,0.194099073206753,0.8,0.797025707417328
"314",314,0.25,0.3,0.227058144259318,0.3,0.207647621429825,0.8,0.788362015474872
"315",315,0.3,0.3,0.185841561218294,0.3,0.187456322206731,0.8,0.791158295794145
"316",316,0.35,0.3,0.0676598102286604,0.3,0.161454293417875,0.8,0.809716358086772
"317",317,0.4,0.3,0.0909502722759726,0.3,0.159696029949681,0.8,0.800824009312275
"318",318,0.45,0.3,0.0251619897817068,0.3,0.153129762186155,0.8,0.789529450541187
"319",319,0.5,0.3,0.0231367683182269,0.3,0.153480605785861,0.8,0.794319960827772
"320",320,0,0.3,0.307448842803757,0.3,0.298627929857457,0.8,0.768089474805114
"321",321,0.05,0.3,0.396107706411401,0.3,0.277524297851141,0.8,0.786352784841495
"322",322,0.1,0.3,0.328596641908063,0.3,0.248698054646197,0.8,0.783788530797078
"323",323,0.15,0.3,0.318977907931307,0.3,0.224215662198434,0.8,0.802024949292676
"324",324,0.2,0.3,0.266043174554402,0.3,0.212834960752976,0.8,0.785018887066108
"325",325,0.25,0.3,0.231786321931096,0.3,0.187829173093974,0.8,0.807852052000279
"326",326,0.3,0.3,0.241820289081548,0.3,0.199763155048339,0.8,0.79287877644101
"327",327,0.35,0.3,0.125135266489279,0.3,0.169499141620572,0.8,0.80816878001236
"328",328,0.4,0.3,0.0356902196510917,0.3,0.158755948763332,0.8,0.804253899363196
"329",329,0.45,0.3,0.0470216030257721,0.3,0.157014526420284,0.8,0.798063358716869
"330",330,0.5,0.3,1.21863982509763e-06,0.3,0.144449939451878,0.8,0.796869192980334
"331",331,0,0.3,0.331905464687666,0.3,0.293685611774735,0.8,0.770990488626213
"332",332,0.05,0.3,0.322424911888612,0.3,0.262705359073317,0.8,0.775657455658257
"333",333,0.1,0.3,0.355555053231994,0.3,0.237895478927768,0.8,0.803370696670344
"334",334,0.15,0.3,0.308788004515992,0.3,0.227737969272768,0.8,0.793835194424228
"335",335,0.2,0.3,0.288050206727828,0.3,0.216094968446267,0.8,0.807395255637614
"336",336,0.25,0.3,0.222497447046037,0.3,0.203409476743327,0.8,0.79700333291491
"337",337,0.3,0.3,0.208437451176775,0.3,0.18549616930021,0.8,0.803604444841701
"338",338,0.35,0.3,0.170358675206383,0.3,0.179286764695689,0.8,0.816556246905911
"339",339,0.4,0.3,0.0714877876809207,0.3,0.156343607048247,0.8,0.809306194269022
"340",340,0.45,0.3,0.0107963223548247,0.3,0.14891766569106,0.8,0.797711724790103
"341",341,0.5,0.3,0.0129429116842502,0.3,0.148467435301018,0.8,0.801466082647004
"342",342,0,0.3,0.332379369061598,0.3,0.318751139922853,0.8,0.759979714720719
"343",343,0.05,0.3,0.36321473021026,0.3,0.277398238221563,0.8,0.794715619572853
"344",344,0.1,0.3,0.338160778543537,0.3,0.241966443707722,0.8,0.782922673325656
"345",345,0.15,0.3,0.299755209791164,0.3,0.230646414186894,0.8,0.802421934849884
"346",346,0.2,0.3,0.282580090583558,0.3,0.210957498944824,0.8,0.783270844556031
"347",347,0.25,0.3,0.239646798078612,0.3,0.199266844299577,0.8,0.791288035284672
"348",348,0.3,0.3,0.220169548783076,0.3,0.191159419991616,0.8,0.799865460298052
"349",349,0.35,0.3,0.113624603098056,0.3,0.176957856672032,0.8,0.777324839195931
"350",350,0.4,0.3,0.0759280468587282,0.3,0.158911184942528,0.8,0.803259180238823
"351",351,0.45,0.3,1.31995446264756e-06,0.3,0.146802914638072,0.8,0.790581945619868
"352",352,0.5,0.3,2.03511336070426e-06,0.3,0.155521722132191,0.8,0.801368509246639
"353",353,0,0.3,0.373200454161239,0.3,0.309895947294143,0.8,0.770104081809527
"354",354,0.05,0.3,0.277096884730251,0.3,0.269131154844864,0.8,0.773594535874066
"355",355,0.1,0.3,0.339379297008661,0.3,0.249682638549037,0.8,0.779360265500746
"356",356,0.15,0.3,0.258842477880303,0.3,0.217611714080649,0.8,0.795359999264992
"357",357,0.2,0.3,0.313981010686273,0.3,0.212797887339165,0.8,0.808044429126138
"358",358,0.25,0.3,0.179639870327576,0.3,0.192613530725843,0.8,0.792822853266003
"359",359,0.3,0.3,0.15902390476502,0.3,0.179396206340741,0.8,0.796689151781485
"360",360,0.35,0.3,0.148459495995337,0.3,0.182425747526141,0.8,0.789718741858477
"361",361,0.4,0.3,0.0893830638320372,0.3,0.162962767268687,0.8,0.79130834816437
"362",362,0.45,0.3,0.00656063781150441,0.3,0.156753039414645,0.8,0.794658154748464
"363",363,0.5,0.3,8.2670824638272e-08,0.3,0.153963844085158,0.8,0.808878381131581
"364",364,0,0.3,0.332298046490118,0.3,0.29261045041859,0.8,0.757826875089786
"365",365,0.05,0.3,0.37725006025884,0.3,0.275448373163248,0.8,0.779179897687652
"366",366,0.1,0.3,0.327816625184741,0.3,0.239783541606639,0.8,0.795599367624478
"367",367,0.15,0.3,0.312455563520524,0.3,0.224597628530679,0.8,0.799486969633064
"368",368,0.2,0.3,0.265059658661132,0.3,0.208874321859994,0.8,0.804328667599483
"369",369,0.25,0.3,0.210480586465248,0.3,0.196005580101384,0.8,0.803102695547964
"370",370,0.3,0.3,0.175746748055855,0.3,0.177975792541449,0.8,0.80140075654218
"371",371,0.35,0.3,0.122310445570774,0.3,0.163968535037776,0.8,0.808378435367441
"372",372,0.4,0.3,0.0621905047669948,0.3,0.162195714966815,0.8,0.779708798426233
"373",373,0.45,0.3,0.0398452143532831,0.3,0.15876938460581,0.8,0.793824785397835
"374",374,0.5,0.3,1.08412311776342e-06,0.3,0.148161204648714,0.8,0.806923253089597
"375",375,0,0.3,0.306807845239655,0.3,0.295571138844285,0.8,0.764190476940612
"376",376,0.05,0.3,0.330599137666659,0.3,0.260339355321764,0.8,0.769596033326801
"377",377,0.1,0.3,0.357287045688451,0.3,0.25196906726773,0.8,0.787173181394665
"378",378,0.15,0.3,0.277000784256198,0.3,0.225438721465476,0.8,0.791754055345732
"379",379,0.2,0.3,0.247067165843433,0.3,0.205850034667534,0.8,0.79486386025714
"380",380,0.25,0.3,0.198339149037984,0.3,0.185472192936029,0.8,0.787768131356858
"381",381,0.3,0.3,0.177629076824354,0.3,0.189165572238657,0.8,0.799910407175296
"382",382,0.35,0.3,0.151177686300686,0.3,0.176887390666598,0.8,0.802674638214664
"383",383,0.4,0.3,0.11713301293298,0.3,0.169820619215133,0.8,0.80828011485053
"384",384,0.45,0.3,0.0277832433094023,0.3,0.149850536428023,0.8,0.795071302866772
"385",385,0.5,0.3,0.00115413941732994,0.3,0.147882800994778,0.8,0.792255684083202
"386",386,0,0.3,0.33085997357015,0.3,0.291528388742628,0.8,0.752910956968044
"387",387,0.05,0.3,0.360663230025269,0.3,0.27376205348308,0.8,0.790415424255051
"388",388,0.1,0.3,0.355598727690564,0.3,0.256893246131517,0.8,0.783049585712202
"389",389,0.15,0.3,0.294155047204381,0.3,0.227623074045438,0.8,0.79385586402608
"390",390,0.2,0.3,0.297731716591338,0.3,0.211912177792681,0.8,0.797752918840086
"391",391,0.25,0.3,0.171013098735945,0.3,0.195607300755665,0.8,0.785116534819545
"392",392,0.3,0.3,0.158280985999231,0.3,0.180070739196567,0.8,0.797772118000507
"393",393,0.35,0.3,0.0855269943295765,0.3,0.165989798866787,0.8,0.798339346220509
"394",394,0.4,0.3,0.0741243122579193,0.3,0.163415239469651,0.8,0.800970872639203
"395",395,0.45,0.3,0.0261616761595604,0.3,0.161050396443051,0.8,0.783539416457357
"396",396,0.5,0.3,0.0283169996854957,0.3,0.142698163882868,0.8,0.810707087890342
"397",397,0,0.3,0.317992208794367,0.3,0.306327448160681,0.8,0.748362005401668
"398",398,0.05,0.3,0.304720258467525,0.3,0.263319492275695,0.8,0.776659080639303
"399",399,0.1,0.3,0.343379246681924,0.3,0.256618027982063,0.8,0.775362888398305
"400",400,0.15,0.3,0.296964622210087,0.3,0.230068882471343,0.8,0.787388195863815
"401",401,0.2,0.3,0.238188966839416,0.3,0.211809237245587,0.8,0.787357307445512
"402",402,0.25,0.3,0.207534184356119,0.3,0.202955284597909,0.8,0.791707951257013
"403",403,0.3,0.3,0.188470980683718,0.3,0.181662719014519,0.8,0.804444948264674
"404",404,0.35,0.3,0.0833910382987527,0.3,0.16451519835314,0.8,0.806738471624271
"405",405,0.4,0.3,0.128254371687551,0.3,0.163980612394797,0.8,0.809663103798355
"406",406,0.45,0.3,0.0353397457072278,0.3,0.157870809261148,0.8,0.806967168778749
"407",407,0.5,0.3,1.93203842812039e-06,0.3,0.15128704998702,0.8,0.795868698662282
"408",408,0,0.3,0.339164030018382,0.3,0.299758001495518,0.8,0.762559251500289
"409",409,0.05,0.3,0.369244262676111,0.3,0.278344082809515,0.8,0.789658853266359
"410",410,0.1,0.3,0.326182843320131,0.3,0.254184380434093,0.8,0.788674951773952
"411",411,0.15,0.3,0.262068129060296,0.3,0.217012292029729,0.8,0.802831458729895
"412",412,0.2,0.3,0.275861189222417,0.3,0.219358112971331,0.8,0.786893319815775
"413",413,0.25,0.3,0.225429397102216,0.3,0.187952387767155,0.8,0.781613082812367
"414",414,0.3,0.3,0.184538243702924,0.3,0.183853744334622,0.8,0.80367166931547
"415",415,0.35,0.3,0.155000210927225,0.3,0.177111228014824,0.8,0.805578066118662
"416",416,0.4,0.3,0.104607398733985,0.3,0.167809105282557,0.8,0.791526908462316
"417",417,0.45,0.3,0.0290612391459471,0.3,0.159777045608773,0.8,0.790866504003973
"418",418,0.5,0.3,5.89029410498443e-10,0.3,0.14281939222607,0.8,0.79390824305754
"419",419,0,0.3,0.328937105780467,0.3,0.30222034539468,0.8,0.765877562286599
"420",420,0.05,0.3,0.38584789217528,0.3,0.268950170690984,0.8,0.788123308683674
"421",421,0.1,0.3,0.367688462835088,0.3,0.257048496874664,0.8,0.788930322215149
"422",422,0.15,0.3,0.310543846395904,0.3,0.234066533764126,0.8,0.795112521819767
"423",423,0.2,0.3,0.298366037624527,0.3,0.21239912298601,0.8,0.790360155098125
"424",424,0.25,0.3,0.182825561603145,0.3,0.175624592208225,0.8,0.807773619065487
"425",425,0.3,0.3,0.159150700052556,0.3,0.178421142509202,0.8,0.805408168890513
"426",426,0.35,0.3,0.196517660955116,0.3,0.182155291858257,0.8,0.802288980394964
"427",427,0.4,0.3,0.0224599640462392,0.3,0.152395425110554,0.8,0.789593502966069
"428",428,0.45,0.3,0.0203124996651122,0.3,0.156068620743372,0.8,0.801260453704652
"429",429,0.5,0.3,0.0143504565752403,0.3,0.146790477568665,0.8,0.792904147595368
"430",430,0,0.3,0.326123085897323,0.3,0.294722127248591,0.8,0.745837401081548
"431",431,0.05,0.3,0.376754223032924,0.3,0.274347460000986,0.8,0.762940828786893
"432",432,0.1,0.3,0.329672292599929,0.3,0.249270677453014,0.8,0.795806452525303
"433",433,0.15,0.3,0.270360405890973,0.3,0.220520556407051,0.8,0.797385711349536
"434",434,0.2,0.3,0.264166555232301,0.3,0.218421757850068,0.8,0.793100930018695
"435",435,0.25,0.3,0.237215381111867,0.3,0.196358248161845,0.8,0.812373801006943
"436",436,0.3,0.3,0.156005054298322,0.3,0.188025384549207,0.8,0.804426494758716
"437",437,0.35,0.3,0.153098407941072,0.3,0.178235023701881,0.8,0.811363150576527
"438",438,0.4,0.3,0.0265476098140208,0.3,0.156900795705304,0.8,0.803815181100065
"439",439,0.45,0.3,0.0208634803902698,0.3,0.154054773782169,0.8,0.803466501346279
"440",440,0.5,0.3,3.61154727952051e-07,0.3,0.146916980564083,0.8,0.808860169278588
"441",441,0,0.3,0.310439907317736,0.3,0.308844867288131,0.8,0.768114910514495
"442",442,0.05,0.3,0.34082592202934,0.3,0.263843482063979,0.8,0.774709580316355
"443",443,0.1,0.3,0.378369225604366,0.3,0.251073259861669,0.8,0.784591842280867
"444",444,0.15,0.3,0.302786656206352,0.3,0.235709218585976,0.8,0.799077230955365
"445",445,0.2,0.3,0.287856611512444,0.3,0.218466249103092,0.8,0.801671440197953
"446",446,0.25,0.3,0.218725626727,0.3,0.192235573405644,0.8,0.802112994446369
"447",447,0.3,0.3,0.171556284054505,0.3,0.177589391182981,0.8,0.790298759985824
"448",448,0.35,0.3,0.117858658199019,0.3,0.173164493377547,0.8,0.791079504696971
"449",449,0.4,0.3,0.0428082744250827,0.3,0.154238160735879,0.8,0.817048669476149
"450",450,0.45,0.3,0.0299610505977339,0.3,0.161091569676775,0.8,0.797002054778651
"451",451,0.5,0.3,3.00411962147616e-06,0.3,0.145797401920203,0.8,0.792909566379281
"452",452,0,0.3,0.308864505927289,0.3,0.292574207860257,0.8,0.752291960243114
"453",453,0.05,0.3,0.371259344291122,0.3,0.279280150870735,0.8,0.788708983122661
"454",454,0.1,0.3,0.332289238069388,0.3,0.24777753574938,0.8,0.790836780667623
"455",455,0.15,0.3,0.321073915348101,0.3,0.230797901422795,0.8,0.791201648006387
"456",456,0.2,0.3,0.274805025702783,0.3,0.210374567548316,0.8,0.812695505197375
"457",457,0.25,0.3,0.243973189318752,0.3,0.197503577333443,0.8,0.804905041046105
"458",458,0.3,0.3,0.151974752921155,0.3,0.170497300534176,0.8,0.801093419646622
"459",459,0.35,0.3,0.132832260066872,0.3,0.175007985872919,0.8,0.792592654355935
"460",460,0.4,0.3,0.104791264565624,0.3,0.161344511332268,0.8,0.816307086399432
"461",461,0.45,0.3,0.0666224607914371,0.3,0.150261786712951,0.8,0.795601579261375
"462",462,0.5,0.3,2.44960406652702e-07,0.3,0.1451425210842,0.8,0.818118691131689
"463",463,0,0.3,0.326822418427762,0.3,0.293044406212163,0.8,0.763835706414243
"464",464,0.05,0.3,0.361049642693118,0.3,0.284393396685352,0.8,0.770230997618825
"465",465,0.1,0.3,0.368235946427736,0.3,0.258387686532378,0.8,0.783872064894724
"466",466,0.15,0.3,0.309368878909524,0.3,0.237493314990243,0.8,0.784677685669934
"467",467,0.2,0.3,0.250327665882717,0.3,0.206859477419536,0.8,0.798230621421242
"468",468,0.25,0.3,0.226588070889939,0.3,0.205679303982279,0.8,0.79445551325425
"469",469,0.3,0.3,0.135723395927303,0.3,0.172856246672296,0.8,0.790110415864318
"470",470,0.35,0.3,0.135311312632451,0.3,0.17412120331623,0.8,0.805757601688165
"471",471,0.4,0.3,0.135092247130347,0.3,0.174904547122427,0.8,0.799945504653645
"472",472,0.45,0.3,1.06956151914993e-05,0.3,0.149141857859754,0.8,0.789002632458832
"473",473,0.5,0.3,4.74634008016639e-06,0.3,0.146331106416049,0.8,0.800534461592849
"474",474,0,0.3,0.359847568791306,0.3,0.298470217522686,0.8,0.783552848903332
"475",475,0.05,0.3,0.336687616372587,0.3,0.27912915343794,0.8,0.785440716095321
"476",476,0.1,0.3,0.305557327795473,0.3,0.236644975410041,0.8,0.79041467878911
"477",477,0.15,0.3,0.260052943353048,0.3,0.218217431254559,0.8,0.797003640313875
"478",478,0.2,0.3,0.231665226648406,0.3,0.196983910131358,0.8,0.801594984630318
"479",479,0.25,0.3,0.242346506767032,0.3,0.202699558159371,0.8,0.798952484557407
"480",480,0.3,0.3,0.221539732515404,0.3,0.190258883168109,0.8,0.804463479103685
"481",481,0.35,0.3,0.0346472908445589,0.3,0.156919713093269,0.8,0.798068080611893
"482",482,0.4,0.3,0.0891683116054789,0.3,0.170501062551179,0.8,0.797465365760674
"483",483,0.45,0.3,0.0238765536904556,0.3,0.1566531361116,0.8,0.805258044322406
"484",484,0.5,0.3,2.29710910444143e-07,0.3,0.144108491081319,0.8,0.799077808944858
"485",485,0,0.3,0.346958364922477,0.3,0.311028598146891,0.8,0.760185030636688
"486",486,0.05,0.3,0.380945781521526,0.3,0.28488228615066,0.8,0.784547694244717
"487",487,0.1,0.3,0.354689462794904,0.3,0.244688310363893,0.8,0.787042913281307
"488",488,0.15,0.3,0.297127974109532,0.3,0.219114227593248,0.8,0.793019725598754
"489",489,0.2,0.3,0.226288137797158,0.3,0.202043671529492,0.8,0.790426357531653
"490",490,0.25,0.3,0.254726831188452,0.3,0.197607016330513,0.8,0.799599273565233
"491",491,0.3,0.3,0.133257775452963,0.3,0.173559506350102,0.8,0.78833908974095
"492",492,0.35,0.3,0.0711828947129365,0.3,0.163494451420382,0.8,0.799106674725609
"493",493,0.4,0.3,0.124965949966266,0.3,0.16588637057915,0.8,0.796197178223466
"494",494,0.45,0.3,0.0297191859440279,0.3,0.155456328663197,0.8,0.797506968670684
"495",495,0.5,0.3,0.0342636613132096,0.3,0.149484439954564,0.8,0.799050850832477
"496",496,0,0.3,0.349565055812515,0.3,0.298314227633398,0.8,0.780216950240263
"497",497,0.05,0.3,0.375486764542878,0.3,0.273683846076267,0.8,0.782574693558785
"498",498,0.1,0.3,0.328657447897041,0.3,0.256338065652264,0.8,0.778112583116029
"499",499,0.15,0.3,0.270119789509623,0.3,0.22438793018617,0.8,0.781408488164141
"500",500,0.2,0.3,0.272744837314491,0.3,0.216544617859661,0.8,0.802631869942695
"501",501,0.25,0.3,0.186275757072593,0.3,0.190570403388596,0.8,0.789734268333107
"502",502,0.3,0.3,0.155489889255264,0.3,0.172934225920026,0.8,0.803755864731116
"503",503,0.35,0.3,0.127706944204552,0.3,0.166530560101271,0.8,0.800048433821607
"504",504,0.4,0.3,0.00417251235418208,0.3,0.148202000185541,0.8,0.780881563239369
"505",505,0.45,0.3,0.0163050365759364,0.3,0.161272511019551,0.8,0.779909918499636
"506",506,0.5,0.3,2.02093535013993e-07,0.3,0.147909921150221,0.8,0.787941070826379
"507",507,0,0.3,0.334768378007826,0.3,0.304555663706038,0.8,0.765631478379966
"508",508,0.05,0.3,0.390147417175529,0.3,0.269010162453929,0.8,0.781844438527913
"509",509,0.1,0.3,0.317999235526315,0.3,0.243321121880262,0.8,0.79015003132613
"510",510,0.15,0.3,0.254130203796712,0.3,0.216538934536577,0.8,0.785596626638132
"511",511,0.2,0.3,0.288288175372055,0.3,0.219809304238382,0.8,0.790311354931815
"512",512,0.25,0.3,0.225307664174741,0.3,0.186326146554682,0.8,0.79447272411329
"513",513,0.3,0.3,0.145066094467466,0.3,0.184987634984648,0.8,0.796255831546734
"514",514,0.35,0.3,0.141145372887594,0.3,0.176141433619471,0.8,0.816039815249001
"515",515,0.4,0.3,0.0411978450393675,0.3,0.157463698917456,0.8,0.801953726399038
"516",516,0.45,0.3,0.0196030783342334,0.3,0.155210529344397,0.8,0.799889359277416
"517",517,0.5,0.3,0.00777636357278026,0.3,0.151171847697151,0.8,0.797617340512444
"518",518,0,0.3,0.389402992871684,0.3,0.30979144340354,0.8,0.776572373467143
"519",519,0.05,0.3,0.386382988027716,0.3,0.278313029579742,0.8,0.775473087309497
"520",520,0.1,0.3,0.354956227449189,0.3,0.245768632372376,0.8,0.797734444413941
"521",521,0.15,0.3,0.29396477142619,0.3,0.239309915085099,0.8,0.769831427291493
"522",522,0.2,0.3,0.287466847569647,0.3,0.20606292895359,0.8,0.79357308285609
"523",523,0.25,0.3,0.243175589347948,0.3,0.201935996650962,0.8,0.805435939208244
"524",524,0.3,0.3,0.223922478535222,0.3,0.19010079040525,0.8,0.795984119684179
"525",525,0.35,0.3,0.116552803958892,0.3,0.166142606758675,0.8,0.795497808321695
"526",526,0.4,0.3,0.0660064541859622,0.3,0.15793262643949,0.8,0.809227149522201
"527",527,0.45,0.3,0.0668730507569815,0.3,0.161919155287253,0.8,0.796664643781097
"528",528,0.5,0.3,2.80251820157435e-07,0.3,0.149923892718049,0.8,0.80638761595043
"529",529,0,0.3,0.349272192706749,0.3,0.299008303046259,0.8,0.768802929097852
"530",530,0.05,0.3,0.348135328988374,0.3,0.258471358173123,0.8,0.798754293654066
"531",531,0.1,0.3,0.35745873763892,0.3,0.247624136440626,0.8,0.790648344851485
"532",532,0.15,0.3,0.27415781647778,0.3,0.219385015982017,0.8,0.792681361379847
"533",533,0.2,0.3,0.293058576798496,0.3,0.206793185138286,0.8,0.795659790955349
"534",534,0.25,0.3,0.23358365051383,0.3,0.203956418298129,0.8,0.785546799484248
"535",535,0.3,0.3,0.176327069824241,0.3,0.190888414138581,0.8,0.793133795685622
"536",536,0.35,0.3,0.0724164558949704,0.3,0.164710195109897,0.8,0.790158222368913
"537",537,0.4,0.3,0.125795275375413,0.3,0.166115482548468,0.8,0.810924707197642
"538",538,0.45,0.3,0.0234311367525185,0.3,0.156898229433427,0.8,0.799524799542096
"539",539,0.5,0.3,5.54045206113484e-07,0.3,0.155086936277595,0.8,0.79257614916141
"540",540,0,0.3,0.35240336108763,0.3,0.320742079366976,0.8,0.760961511199466
"541",541,0.05,0.3,0.317684566962432,0.3,0.269323550781816,0.8,0.768992048963137
"542",542,0.1,0.3,0.370114322730713,0.3,0.248587625594949,0.8,0.79127203167389
"543",543,0.15,0.3,0.341446760430578,0.3,0.243741151885601,0.8,0.784757710572993
"544",544,0.2,0.3,0.26728253400858,0.3,0.220876577113956,0.8,0.792025712122184
"545",545,0.25,0.3,0.213680363842112,0.3,0.188604939947033,0.8,0.78940663926734
"546",546,0.3,0.3,0.141720402197747,0.3,0.188756657880192,0.8,0.786468901690591
"547",547,0.35,0.3,0.144943591378692,0.3,0.173339040257776,0.8,0.801571986376115
"548",548,0.4,0.3,0.088792965712366,0.3,0.170432776653408,0.8,0.78215848785146
"549",549,0.45,0.3,0.0315317660304655,0.3,0.150851535030052,0.8,0.813100852730785
"550",550,0.5,0.3,3.75135187802079e-07,0.3,0.148770047255805,0.8,0.782314385388026
"551",551,0,0.3,0.393310321466029,0.3,0.307292131628015,0.8,0.773181450489537
"552",552,0.05,0.3,0.333740030691915,0.3,0.260788855401081,0.8,0.782576463129627
"553",553,0.1,0.3,0.354531708276673,0.3,0.255857785568639,0.8,0.784572997348511
"554",554,0.15,0.3,0.336878365986422,0.3,0.231837714435499,0.8,0.796471580574276
"555",555,0.2,0.3,0.217362442010715,0.3,0.20347556222571,0.8,0.795631206976081
"556",556,0.25,0.3,0.21537961372731,0.3,0.195571050990594,0.8,0.805358795498156
"557",557,0.3,0.3,0.196351699474375,0.3,0.190257619875706,0.8,0.794686758123968
"558",558,0.35,0.3,0.107959690522941,0.3,0.165416439565023,0.8,0.807776507171382
"559",559,0.4,0.3,0.0735960850995981,0.3,0.159896132959849,0.8,0.79124000522418
"560",560,0.45,0.3,0.0411282144898715,0.3,0.167791286798735,0.8,0.796383770624471
"561",561,0.5,0.3,0.00613444580140373,0.3,0.150993186284985,0.8,0.796202500536955
"562",562,0,0.3,0.323010397825688,0.3,0.305922653696016,0.8,0.757622938440723
"563",563,0.05,0.3,0.352610836555414,0.3,0.271408708088224,0.8,0.77830523900516
"564",564,0.1,0.3,0.379353897582645,0.3,0.253657798786297,0.8,0.808749988692062
"565",565,0.15,0.3,0.324353180013003,0.3,0.232939234449293,0.8,0.78872598062865
"566",566,0.2,0.3,0.255830541056246,0.3,0.207899119240786,0.8,0.78984151917414
"567",567,0.25,0.3,0.210424157792182,0.3,0.195470682675284,0.8,0.814663054168842
"568",568,0.3,0.3,0.156321699661697,0.3,0.18488371864173,0.8,0.806484879881015
"569",569,0.35,0.3,0.160317825801913,0.3,0.173010301429777,0.8,0.805355942522992
"570",570,0.4,0.3,0.0625617804978482,0.3,0.161548869920031,0.8,0.801816562051937
"571",571,0.45,0.3,0.0283006575165312,0.3,0.152025305939991,0.8,0.798148404651658
"572",572,0.5,0.3,0.016334623155599,0.3,0.150372623810852,0.8,0.809653918746616
"573",573,0,0.3,0.352315434760039,0.3,0.303528449890763,0.8,0.767875188971158
"574",574,0.05,0.3,0.35057993876933,0.3,0.278500405662672,0.8,0.773585130394074
"575",575,0.1,0.3,0.363450123445237,0.3,0.260874939983789,0.8,0.793121030547954
"576",576,0.15,0.3,0.352464821892215,0.3,0.236610329615828,0.8,0.799928844729995
"577",577,0.2,0.3,0.237737529130024,0.3,0.191445687720676,0.8,0.79194536625721
"578",578,0.25,0.3,0.242358074679478,0.3,0.193536845574779,0.8,0.793212490233961
"579",579,0.3,0.3,0.175232870688389,0.3,0.180586537450788,0.8,0.794676038323178
"580",580,0.35,0.3,0.134186790921964,0.3,0.178222369278966,0.8,0.79728937116254
"581",581,0.4,0.3,0.0871470248202883,0.3,0.167298415381358,0.8,0.805060299768883
"582",582,0.45,0.3,0.0720473009288138,0.3,0.154841600851619,0.8,0.80090942638042
"583",583,0.5,0.3,6.01494406098322e-07,0.3,0.149953972628761,0.8,0.806331263619535
"584",584,0,0.3,0.337056566088659,0.3,0.292670625915407,0.8,0.763330961947651
"585",585,0.05,0.3,0.318868129428618,0.3,0.277130498710402,0.8,0.754871578967117
"586",586,0.1,0.3,0.368232363806199,0.3,0.25098295721984,0.8,0.778976595068455
"587",587,0.15,0.3,0.293651344784285,0.3,0.224007555929327,0.8,0.797148338152241
"588",588,0.2,0.3,0.237960209519559,0.3,0.191343142028677,0.8,0.788256799095797
"589",589,0.25,0.3,0.24810502665461,0.3,0.198448580151591,0.8,0.80024122502036
"590",590,0.3,0.3,0.18769556113715,0.3,0.180329691742305,0.8,0.816034305823848
"591",591,0.35,0.3,0.152464867527817,0.3,0.180205549156657,0.8,0.793450358557521
"592",592,0.4,0.3,0.084065268902828,0.3,0.167585841091164,0.8,0.804245161874814
"593",593,0.45,0.3,0.0633304319553355,0.3,0.165288186017414,0.8,0.801613639416918
"594",594,0.5,0.3,0.00827140902211206,0.3,0.147687662212689,0.8,0.794027037048799
"595",595,0,0.3,0.264169587611804,0.3,0.297438867980373,0.8,0.743512223930083
"596",596,0.05,0.3,0.365088529938031,0.3,0.278621748209472,0.8,0.780430366441858
"597",597,0.1,0.3,0.373288717106324,0.3,0.245753988719966,0.8,0.791824812796292
"598",598,0.15,0.3,0.321060552986199,0.3,0.225744481422241,0.8,0.789522105613975
"599",599,0.2,0.3,0.281020181791353,0.3,0.209580715919132,0.8,0.797735735244471
"600",600,0.25,0.3,0.2183856369848,0.3,0.194454262710438,0.8,0.802752363528305
"601",601,0.3,0.3,0.130661507734057,0.3,0.179930518820006,0.8,0.796712313302034
"602",602,0.35,0.3,0.0747121326329148,0.3,0.168734719474187,0.8,0.79493179705392
"603",603,0.4,0.3,0.108342942909643,0.3,0.16459516859187,0.8,0.807742608662355
"604",604,0.45,0.3,4.14306438034403e-08,0.3,0.14997779791527,0.8,0.797701945729306
"605",605,0.5,0.3,3.15021266213434e-05,0.3,0.151727574616985,0.8,0.797257740478252
"606",606,0,0.3,0.287060780204121,0.3,0.303030265633678,0.8,0.755515798218161
"607",607,0.05,0.3,0.345568236055777,0.3,0.258631928343138,0.8,0.77796549939221
"608",608,0.1,0.3,0.339188909091291,0.3,0.245049121347662,0.8,0.788008350142903
"609",609,0.15,0.3,0.278194139093056,0.3,0.232424857672274,0.8,0.78898929730412
"610",610,0.2,0.3,0.296231004574377,0.3,0.206934860700452,0.8,0.806390207639287
"611",611,0.25,0.3,0.203662837169523,0.3,0.192447030534277,0.8,0.796390159522288
"612",612,0.3,0.3,0.177971125606318,0.3,0.183567199029369,0.8,0.801955251104511
"613",613,0.35,0.3,0.135422573449739,0.3,0.171692382835856,0.8,0.808595515120519
"614",614,0.4,0.3,0.15797274033508,0.3,0.180306442257804,0.8,0.807193138749714
"615",615,0.45,0.3,0.0151296114586684,0.3,0.146471157865901,0.8,0.802607805757314
"616",616,0.5,0.3,3.92489591739459e-09,0.3,0.147463403946474,0.8,0.811534938397153
"617",617,0,0.3,0.3436785525577,0.3,0.305628162097677,0.8,0.753434052598119
"618",618,0.05,0.3,0.39721892357426,0.3,0.279996836673236,0.8,0.783407128924367
"619",619,0.1,0.3,0.362755675401842,0.3,0.247753306646152,0.8,0.781994718989897
"620",620,0.15,0.3,0.33027352676557,0.3,0.22521633836626,0.8,0.814325375631068
"621",621,0.2,0.3,0.254272770278266,0.3,0.208821200295058,0.8,0.800704082353988
"622",622,0.25,0.3,0.217877602184469,0.3,0.192349886152476,0.8,0.793569216798962
"623",623,0.3,0.3,0.168068440059252,0.3,0.175852607720017,0.8,0.805816756495809
"624",624,0.35,0.3,0.157393291077741,0.3,0.174067988241034,0.8,0.804789376041527
"625",625,0.4,0.3,0.0849234857858617,0.3,0.16137893778788,0.8,0.795768636511567
"626",626,0.45,0.3,0.0535303308414531,0.3,0.150465427188251,0.8,0.804504453022067
"627",627,0.5,0.3,1.30468711482913e-06,0.3,0.152539803993999,0.8,0.803820337719013
"628",628,0,0.3,0.342888273210506,0.3,0.30348467095385,0.8,0.773764907593529
"629",629,0.05,0.3,0.358756816228265,0.3,0.274985656634062,0.8,0.769799832616076
"630",630,0.1,0.3,0.336636207954644,0.3,0.251567985058242,0.8,0.782278978233591
"631",631,0.15,0.3,0.281491658548774,0.3,0.210613693068677,0.8,0.793929136284878
"632",632,0.2,0.3,0.246224770402316,0.3,0.208440850017559,0.8,0.787761309945064
"633",633,0.25,0.3,0.219885611062408,0.3,0.192078617583161,0.8,0.800680080879494
"634",634,0.3,0.3,0.151668700858285,0.3,0.181092942582991,0.8,0.789424875632902
"635",635,0.35,0.3,0.14623349724889,0.3,0.173854293982442,0.8,0.80405086155609
"636",636,0.4,0.3,0.144714029094972,0.3,0.167435652484079,0.8,0.803220933235668
"637",637,0.45,0.3,0.0733819608821852,0.3,0.156492831057618,0.8,0.795344422456252
"638",638,0.5,0.3,0.0170847911093529,0.3,0.141284934345649,0.8,0.79370207359636
"639",639,0,0.3,0.298974453367551,0.3,0.309191398486804,0.8,0.75814291202414
"640",640,0.05,0.3,0.341341241077713,0.3,0.276987386302783,0.8,0.774287292708359
"641",641,0.1,0.3,0.32438677633581,0.3,0.255883965702084,0.8,0.767496653371689
"642",642,0.15,0.3,0.327962295015862,0.3,0.223932193054341,0.8,0.802161259117102
"643",643,0.2,0.3,0.227923674574111,0.3,0.20288617142735,0.8,0.799028370288912
"644",644,0.25,0.3,0.179662404210631,0.3,0.184793420150906,0.8,0.804657233902085
"645",645,0.3,0.3,0.162324850250195,0.3,0.180236486206271,0.8,0.798992333262531
"646",646,0.35,0.3,0.120661193968814,0.3,0.162763235683909,0.8,0.810973490648756
"647",647,0.4,0.3,1.36592087596564e-09,0.3,0.147403622514659,0.8,0.798716965873294
"648",648,0.45,0.3,7.99939300125789e-08,0.3,0.151080712524083,0.8,0.808107674479533
"649",649,0.5,0.3,0.00989661781700371,0.3,0.153431591752674,0.8,0.776992552913056
"650",650,0,0.3,0.317049017023384,0.3,0.304527664269713,0.8,0.758525272921139
"651",651,0.05,0.3,0.340497181010048,0.3,0.272831785010006,0.8,0.793010467981323
"652",652,0.1,0.3,0.336052272935829,0.3,0.253447583577417,0.8,0.766643416231237
"653",653,0.15,0.3,0.263698747852167,0.3,0.226222873956235,0.8,0.782791184549547
"654",654,0.2,0.3,0.261274813690907,0.3,0.198587100013431,0.8,0.804030158255107
"655",655,0.25,0.3,0.23356100495247,0.3,0.1998433518152,0.8,0.803802864724008
"656",656,0.3,0.3,0.169809538350798,0.3,0.185614106801168,0.8,0.79856055731759
"657",657,0.35,0.3,0.166242947275616,0.3,0.182811144908164,0.8,0.80072974110367
"658",658,0.4,0.3,0.0697606708574858,0.3,0.159728708703552,0.8,0.809447150021631
"659",659,0.45,0.3,0.0714052185603291,0.3,0.162022192614558,0.8,0.789490829407829
"660",660,0.5,0.3,0.0124539363105466,0.3,0.150255875077344,0.8,0.794485868309787
"661",661,0,0.3,0.389220949107944,0.3,0.313023310194625,0.8,0.756113731604582
"662",662,0.05,0.3,0.373992548725841,0.3,0.279804310156266,0.8,0.784692249545176
"663",663,0.1,0.3,0.350618029522292,0.3,0.245234779371603,0.8,0.790322540766524
"664",664,0.15,0.3,0.313400635019706,0.3,0.223022851624934,0.8,0.806583900748477
"665",665,0.2,0.3,0.26195694593016,0.3,0.209971518834074,0.8,0.787364941960942
"666",666,0.25,0.3,0.230949849033518,0.3,0.187032870215488,0.8,0.806959863006294
"667",667,0.3,0.3,0.196903503172919,0.3,0.18389187549519,0.8,0.808736640018135
"668",668,0.35,0.3,0.0589611595522187,0.3,0.162347831419967,0.8,0.803074641998281
"669",669,0.4,0.3,0.0390568414825171,0.3,0.159943852512641,0.8,0.792651828356202
"670",670,0.45,0.3,6.97598531796272e-06,0.3,0.151962265022688,0.8,0.795503762383557
"671",671,0.5,0.3,8.10228273191364e-07,0.3,0.146733751551952,0.8,0.801136582077454
"672",672,0,0.3,0.267277422548262,0.3,0.293572323889193,0.8,0.753536398224487
"673",673,0.05,0.3,0.336039689019738,0.3,0.268940398989171,0.8,0.773440089891557
"674",674,0.1,0.3,0.302228042687346,0.3,0.240126336554936,0.8,0.778526657419878
"675",675,0.15,0.3,0.339348918435756,0.3,0.231012925086098,0.8,0.789204864842532
"676",676,0.2,0.3,0.2979613875234,0.3,0.22302560684725,0.8,0.793020201602727
"677",677,0.25,0.3,0.191467545619118,0.3,0.19759239764593,0.8,0.807763727828628
"678",678,0.3,0.3,0.173441403722283,0.3,0.181740972605334,0.8,0.809464409155403
"679",679,0.35,0.3,0.139340233513663,0.3,0.179211910542989,0.8,0.79504930604553
"680",680,0.4,0.3,0.119020060604316,0.3,0.169186596216859,0.8,0.814701386746652
"681",681,0.45,0.3,1.30791759468607e-06,0.3,0.145848807306286,0.8,0.799721781230827
"682",682,0.5,0.3,2.94150704238536e-05,0.3,0.148003915710111,0.8,0.809588627302076
"683",683,0,0.3,0.28067555641455,0.3,0.295847986047972,0.8,0.759173685697696
"684",684,0.05,0.3,0.308244365720585,0.3,0.262193541458538,0.8,0.754666088904142
"685",685,0.1,0.3,0.356504195232247,0.3,0.254911400698937,0.8,0.781267947939314
"686",686,0.15,0.3,0.340163139233879,0.3,0.22150055210976,0.8,0.807395566653737
"687",687,0.2,0.3,0.317990256939089,0.3,0.215013753735896,0.8,0.805453176606659
"688",688,0.25,0.3,0.239138402097651,0.3,0.200702484721987,0.8,0.79330052576598
"689",689,0.3,0.3,0.151346816709753,0.3,0.183828912103254,0.8,0.783403989820522
"690",690,0.35,0.3,0.0908376032437164,0.3,0.162398535251478,0.8,0.806588908501803
"691",691,0.4,0.3,0.0172274985562899,0.3,0.159818881826788,0.8,0.788281834215935
"692",692,0.45,0.3,0.0365453346360479,0.3,0.153136518690342,0.8,0.809296687379711
"693",693,0.5,0.3,1.2642733427624e-07,0.3,0.148661703438815,0.8,0.80083853981185
"694",694,0,0.3,0.299259550975455,0.3,0.287229672267068,0.8,0.747412534318209
"695",695,0.05,0.3,0.339102239624,0.3,0.276385052348125,0.8,0.777826053550965
"696",696,0.1,0.3,0.337788618853113,0.3,0.24540105093836,0.8,0.796011335468014
"697",697,0.15,0.3,0.317305486125762,0.3,0.221748289444898,0.8,0.810375512353113
"698",698,0.2,0.3,0.316328004433268,0.3,0.233316065074189,0.8,0.804878328361732
"699",699,0.25,0.3,0.257140748414104,0.3,0.20184821211142,0.8,0.806624615137726
"700",700,0.3,0.3,0.171814863797762,0.3,0.186016033049262,0.8,0.801383710214699
"701",701,0.35,0.3,0.148410414091678,0.3,0.176383283132762,0.8,0.798534013847106
"702",702,0.4,0.3,0.0465102968617284,0.3,0.161012203610884,0.8,0.797751402209767
"703",703,0.45,0.3,0.0218531700124043,0.3,0.157649524435302,0.8,0.787471720488505
"704",704,0.5,0.3,0.000809872928456952,0.3,0.14856039423011,0.8,0.78580458678927
"705",705,0,0.3,0.355080517970135,0.3,0.302114682293243,0.8,0.76000162154349
"706",706,0.05,0.3,0.382095697711399,0.3,0.272586638145337,0.8,0.79191873850787
"707",707,0.1,0.3,0.346915860061754,0.3,0.247762457605327,0.8,0.789893702269863
"708",708,0.15,0.3,0.305775271307091,0.3,0.227492578493782,0.8,0.790758214724765
"709",709,0.2,0.3,0.269342324806002,0.3,0.221387039710878,0.8,0.783077037538289
"710",710,0.25,0.3,0.23028158685243,0.3,0.194507025098657,0.8,0.799272713044239
"711",711,0.3,0.3,0.173008298350628,0.3,0.179966554696173,0.8,0.81153119119199
"712",712,0.35,0.3,0.146826250587384,0.3,0.168212631309029,0.8,0.805863538575066
"713",713,0.4,0.3,0.0514516808230597,0.3,0.15496266406707,0.8,0.810408702208827
"714",714,0.45,0.3,0.0529759726701013,0.3,0.154053275086276,0.8,0.788849382486487
"715",715,0.5,0.3,3.47242537007283e-07,0.3,0.154889503741256,0.8,0.781752678397973
"716",716,0,0.3,0.396033052517908,0.3,0.301644060522841,0.8,0.769076809453486
"717",717,0.05,0.3,0.331946732579187,0.3,0.272235501253837,0.8,0.773930464630456
"718",718,0.1,0.3,0.367383460901477,0.3,0.247344819844082,0.8,0.802321305439101
"719",719,0.15,0.3,0.263551172630927,0.3,0.226654110354183,0.8,0.776418364926173
"720",720,0.2,0.3,0.314022540704783,0.3,0.224159935786082,0.8,0.793589873372443
"721",721,0.25,0.3,0.281536864548698,0.3,0.200908062810141,0.8,0.811061037478413
"722",722,0.3,0.3,0.130242425208518,0.3,0.172259776431772,0.8,0.795041093449694
"723",723,0.35,0.3,0.159519510765826,0.3,0.177352342477548,0.8,0.8115017927653
"724",724,0.4,0.3,0.0693473680804066,0.3,0.156486085831668,0.8,0.799456958376302
"725",725,0.45,0.3,0.0687139912731703,0.3,0.150005234637201,0.8,0.805015584185852
"726",726,0.5,0.3,1.16055158616026e-06,0.3,0.143194695368899,0.8,0.786654848107614
"727",727,0,0.3,0.370444751607716,0.3,0.305242801382685,0.8,0.757844658247299
"728",728,0.05,0.3,0.358355707301197,0.3,0.276332436402938,0.8,0.796952542606728
"729",729,0.1,0.3,0.337575142234029,0.3,0.24841002905154,0.8,0.783834926454093
"730",730,0.15,0.3,0.281591562630838,0.3,0.213925154947075,0.8,0.790539624795651
"731",731,0.2,0.3,0.260321177807028,0.3,0.210564020201262,0.8,0.797844046283267
"732",732,0.25,0.3,0.206292719549146,0.3,0.193072665032569,0.8,0.815400110135068
"733",733,0.3,0.3,0.15144394367011,0.3,0.177508507759388,0.8,0.802216385214346
"734",734,0.35,0.3,0.185359700675508,0.3,0.179691204812634,0.8,0.80766543103165
"735",735,0.4,0.3,0.116292629126489,0.3,0.168026595659838,0.8,0.805347179615283
"736",736,0.45,0.3,0.0418181791179922,0.3,0.153360542221834,0.8,0.80418833738726
"737",737,0.5,0.3,4.67931471471542e-05,0.3,0.155894143436013,0.8,0.802796521106136
"738",738,0,0.3,0.300321747179894,0.3,0.301816530636457,0.8,0.752665735580612
"739",739,0.05,0.3,0.318844238867649,0.3,0.258606983563326,0.8,0.781736793684943
"740",740,0.1,0.3,0.3678728728962,0.3,0.246112333785591,0.8,0.791895618442948
"741",741,0.15,0.3,0.284449203466195,0.3,0.220886007796496,0.8,0.803450173138203
"742",742,0.2,0.3,0.284584799494465,0.3,0.207689694917959,0.8,0.796383105781355
"743",743,0.25,0.3,0.188939621458901,0.3,0.197281111902808,0.8,0.791957838911821
"744",744,0.3,0.3,0.192057715108487,0.3,0.18504227925913,0.8,0.801915955352458
"745",745,0.35,0.3,0.115681936484535,0.3,0.174043951487268,0.8,0.792589465180783
"746",746,0.4,0.3,0.071886709832543,0.3,0.162944394227596,0.8,0.803786210666407
"747",747,0.45,0.3,0.0602252171332715,0.3,0.157496855709221,0.8,0.787065488985882
"748",748,0.5,0.3,0.0060272801832197,0.3,0.148511158330742,0.8,0.795261738322689
"749",749,0,0.3,0.319083448031344,0.3,0.319719122471373,0.8,0.742937657225344
"750",750,0.05,0.3,0.347544550629769,0.3,0.271421146491802,0.8,0.786693731503735
"751",751,0.1,0.3,0.341379732573714,0.3,0.237832301224093,0.8,0.7802655605219
"752",752,0.15,0.3,0.300603752225467,0.3,0.220011372714681,0.8,0.801198740172208
"753",753,0.2,0.3,0.288542704053483,0.3,0.213742101275445,0.8,0.790277015823831
"754",754,0.25,0.3,0.16101224413707,0.3,0.184318999250134,0.8,0.795059212978952
"755",755,0.3,0.3,0.143457649049884,0.3,0.18297166069963,0.8,0.802580538789765
"756",756,0.35,0.3,0.120832972513534,0.3,0.171845900453176,0.8,0.782691650018545
"757",757,0.4,0.3,0.0727547903194272,0.3,0.158632531774831,0.8,0.800918706412593
"758",758,0.45,0.3,0.0471010441960843,0.3,0.157800000972297,0.8,0.796685037571582
"759",759,0.5,0.3,0.0164232170244131,0.3,0.151515794017423,0.8,0.812691836631073
"760",760,0,0.3,0.312232594954012,0.3,0.305916113848413,0.8,0.759400010184872
"761",761,0.05,0.3,0.370053524561959,0.3,0.274696706430738,0.8,0.774492245296923
"762",762,0.1,0.3,0.384789631181808,0.3,0.252051988954633,0.8,0.795512400424666
"763",763,0.15,0.3,0.330877574443104,0.3,0.237772850400811,0.8,0.813603966886768
"764",764,0.2,0.3,0.222295647661655,0.3,0.209389363907366,0.8,0.78949327246481
"765",765,0.25,0.3,0.211427399762418,0.3,0.190019665429302,0.8,0.797022730727644
"766",766,0.3,0.3,0.165437769986065,0.3,0.17492417455091,0.8,0.787876232686786
"767",767,0.35,0.3,0.121321801418988,0.3,0.165389355179451,0.8,0.783273458812108
"768",768,0.4,0.3,0.0357149595496377,0.3,0.155366022788333,0.8,0.797977818513052
"769",769,0.45,0.3,0.0731780271646112,0.3,0.158754212588567,0.8,0.797183134383592
"770",770,0.5,0.3,3.31228180757019e-07,0.3,0.150577295993518,0.8,0.803225279768729
"771",771,0,0.3,0.298071407182555,0.3,0.29456436455849,0.8,0.758006977931298
"772",772,0.05,0.3,0.36732340747837,0.3,0.2709898477855,0.8,0.767055280074325
"773",773,0.1,0.3,0.33024877574745,0.3,0.258792678542588,0.8,0.796542540757565
"774",774,0.15,0.3,0.333043503180379,0.3,0.242456270159968,0.8,0.780792575359281
"775",775,0.2,0.3,0.354862976612958,0.3,0.225963770803329,0.8,0.792839048319374
"776",776,0.25,0.3,0.217952658730732,0.3,0.190746545755591,0.8,0.805179702024258
"777",777,0.3,0.3,0.158589786567958,0.3,0.182535977805709,0.8,0.793940572085751
"778",778,0.35,0.3,0.142597266927118,0.3,0.17252122285792,0.8,0.799000186662997
"779",779,0.4,0.3,0.0637954450865921,0.3,0.158963559310146,0.8,0.81406832010978
"780",780,0.45,0.3,0.018383286691534,0.3,0.151641001295351,0.8,0.792974714948049
"781",781,0.5,0.3,7.25834376573222e-08,0.3,0.150388722367946,0.8,0.801195411213487
"782",782,0,0.3,0.289918727107017,0.3,0.286139012005977,0.8,0.770430423306146
"783",783,0.05,0.3,0.347735913075726,0.3,0.259639038524264,0.8,0.772526400835787
"784",784,0.1,0.3,0.313377030182654,0.3,0.246215509172767,0.8,0.79817092654541
"785",785,0.15,0.3,0.326773842182226,0.3,0.232358480323454,0.8,0.795742940753612
"786",786,0.2,0.3,0.253950459408844,0.3,0.209897809716994,0.8,0.792639501467594
"787",787,0.25,0.3,0.223199494847441,0.3,0.196159967147409,0.8,0.810431993912661
"788",788,0.3,0.3,0.196890441754305,0.3,0.17978652011843,0.8,0.797970080359831
"789",789,0.35,0.3,0.163170032965577,0.3,0.176161518522737,0.8,0.80040037721952
"790",790,0.4,0.3,0.123950033493684,0.3,0.169763980332514,0.8,0.810003097140305
"791",791,0.45,0.3,0.00562971073547517,0.3,0.153964573536853,0.8,0.796975163989991
"792",792,0.5,0.3,7.55057583127645e-09,0.3,0.148141062749646,0.8,0.803092037452081
"793",793,0,0.3,0.369794316064568,0.3,0.295894548129299,0.8,0.773358895308253
"794",794,0.05,0.3,0.341482244363623,0.3,0.273279254923735,0.8,0.781921438244359
"795",795,0.1,0.3,0.333600604768122,0.3,0.241598164939948,0.8,0.794225235740234
"796",796,0.15,0.3,0.319257440676023,0.3,0.22624592835689,0.8,0.783144484296614
"797",797,0.2,0.3,0.322335368748129,0.3,0.231665084251277,0.8,0.801823061258309
"798",798,0.25,0.3,0.21610242204843,0.3,0.202178454456496,0.8,0.804321238965047
"799",799,0.3,0.3,0.176472788660538,0.3,0.182208005049033,0.8,0.798165707046192
"800",800,0.35,0.3,0.134965231511448,0.3,0.174163413536539,0.8,0.794328260192324
"801",801,0.4,0.3,0.0691867175483428,0.3,0.166965646547005,0.8,0.797301266062861
"802",802,0.45,0.3,0.0603821510546185,0.3,0.164179971454068,0.8,0.808128809586714
"803",803,0.5,0.3,0.0535598102309967,0.3,0.152683803409527,0.8,0.796757205421259
"804",804,0,0.3,0.339636076762658,0.3,0.292426263705818,0.8,0.781824464857995
"805",805,0.05,0.3,0.373840756349037,0.3,0.281251645206773,0.8,0.791924341089566
"806",806,0.1,0.3,0.323563957979578,0.3,0.230115366562667,0.8,0.786899138677986
"807",807,0.15,0.3,0.283617630605449,0.3,0.225659949660129,0.8,0.790503276191271
"808",808,0.2,0.3,0.292987582876725,0.3,0.212434974528632,0.8,0.80030559092897
"809",809,0.25,0.3,0.174943890318038,0.3,0.194514169534509,0.8,0.788038902196132
"810",810,0.3,0.3,0.220028894225783,0.3,0.194446258439309,0.8,0.786462301748452
"811",811,0.35,0.3,0.12543061463085,0.3,0.172908453797141,0.8,0.803335325631177
"812",812,0.4,0.3,0.0486800752882234,0.3,0.156013678712406,0.8,0.78755920315191
"813",813,0.45,0.3,4.52421552977325e-07,0.3,0.15076999485045,0.8,0.79965086595626
"814",814,0.5,0.3,8.12955216675671e-07,0.3,0.147480452115227,0.8,0.804229386418783
"815",815,0,0.3,0.303253342300377,0.3,0.288734561010439,0.8,0.761534330957786
"816",816,0.05,0.3,0.354585349961487,0.3,0.269468844695642,0.8,0.782564331151521
"817",817,0.1,0.3,0.344330251443258,0.3,0.255581639940163,0.8,0.784883574748407
"818",818,0.15,0.3,0.339060556056192,0.3,0.235846214443451,0.8,0.795994561381129
"819",819,0.2,0.3,0.266089513322387,0.3,0.214442755993095,0.8,0.785567031199733
"820",820,0.25,0.3,0.233343184329863,0.3,0.197796102038337,0.8,0.776286979713157
"821",821,0.3,0.3,0.193373216730814,0.3,0.180833757971738,0.8,0.801166277054399
"822",822,0.35,0.3,0.122980933669025,0.3,0.173744502649646,0.8,0.797266307148578
"823",823,0.4,0.3,0.114448365671838,0.3,0.169457407647892,0.8,0.784216560924317
"824",824,0.45,0.3,0.0147570910852558,0.3,0.155491281175853,0.8,0.798580358651984
"825",825,0.5,0.3,0.00417570593584838,0.3,0.146874685925829,0.8,0.804129657618059
"826",826,0,0.3,0.307839866889659,0.3,0.3145635427016,0.8,0.754996071349396
"827",827,0.05,0.3,0.330960493097037,0.3,0.27740968397386,0.8,0.764084284575167
"828",828,0.1,0.3,0.358284774869408,0.3,0.258605085446687,0.8,0.786687673619012
"829",829,0.15,0.3,0.295797345494171,0.3,0.223682908130998,0.8,0.78888625784809
"830",830,0.2,0.3,0.206353079184943,0.3,0.211167940901459,0.8,0.769686045342415
"831",831,0.25,0.3,0.263325001411104,0.3,0.20123852110141,0.8,0.794378198175272
"832",832,0.3,0.3,0.181112088680302,0.3,0.182744436235583,0.8,0.789576872310124
"833",833,0.35,0.3,0.133682254949747,0.3,0.173850315495682,0.8,0.808868146789872
"834",834,0.4,0.3,0.0783251682033554,0.3,0.160421803561435,0.8,0.790643048048953
"835",835,0.45,0.3,0.0440537966751074,0.3,0.152659573711416,0.8,0.79580304003471
"836",836,0.5,0.3,9.27805304083572e-07,0.3,0.148022869355941,0.8,0.807592176661645
"837",837,0,0.3,0.313590756957451,0.3,0.291984679325898,0.8,0.754807475286542
"838",838,0.05,0.3,0.347514256466763,0.3,0.264450937799489,0.8,0.782811111304994
"839",839,0.1,0.3,0.336670040601049,0.3,0.26274735349731,0.8,0.792795010699512
"840",840,0.15,0.3,0.343587069761111,0.3,0.233567055553811,0.8,0.793268286461081
"841",841,0.2,0.3,0.26173654530402,0.3,0.201579380337504,0.8,0.798793432426495
"842",842,0.25,0.3,0.163982627642027,0.3,0.184101668837137,0.8,0.793982384833166
"843",843,0.3,0.3,0.15208188187081,0.3,0.177620969696577,0.8,0.807285349706413
"844",844,0.35,0.3,0.169811244146147,0.3,0.175162208545302,0.8,0.803980520317912
"845",845,0.4,0.3,0.0456382069561554,0.3,0.159142189173457,0.8,0.79687693019355
"846",846,0.45,0.3,0.0656896429244787,0.3,0.152130258447536,0.8,0.804274458847377
"847",847,0.5,0.3,2.23975686643304e-06,0.3,0.151469942808369,0.8,0.790559875332705
"848",848,0,0.3,0.381087405211123,0.3,0.300772750100388,0.8,0.782099170454752
"849",849,0.05,0.3,0.348087015637414,0.3,0.266466096534868,0.8,0.781034732614002
"850",850,0.1,0.3,0.38803836002222,0.3,0.254296188827805,0.8,0.789051323004955
"851",851,0.15,0.3,0.348025068379356,0.3,0.232885242150138,0.8,0.797259809434677
"852",852,0.2,0.3,0.268581970150593,0.3,0.217092079109868,0.8,0.788764604571525
"853",853,0.25,0.3,0.203436375721821,0.3,0.185445696323711,0.8,0.788263875909257
"854",854,0.3,0.3,0.208027794327857,0.3,0.187875323637581,0.8,0.814004891467002
"855",855,0.35,0.3,0.141898959970553,0.3,0.176614253948751,0.8,0.816636327208019
"856",856,0.4,0.3,0.0807868520490599,0.3,0.163282700707459,0.8,0.80317297431023
"857",857,0.45,0.3,0.0415922126046747,0.3,0.154027447262138,0.8,0.805909795915536
"858",858,0.5,0.3,9.16826197163542e-07,0.3,0.14951252709944,0.8,0.808295223325049
"859",859,0,0.3,0.33234863616474,0.3,0.307229702240446,0.8,0.771475448980754
"860",860,0.05,0.3,0.31420067104467,0.3,0.274676304886628,0.8,0.77057202803539
"861",861,0.1,0.3,0.389574936874204,0.3,0.247646791996969,0.8,0.806207257125631
"862",862,0.15,0.3,0.35360445168571,0.3,0.220640112806739,0.8,0.804407851131827
"863",863,0.2,0.3,0.241105549771367,0.3,0.203661831628798,0.8,0.785877828687381
"864",864,0.25,0.3,0.262915878249716,0.3,0.206979470119143,0.8,0.793609168932466
"865",865,0.3,0.3,0.136072855176545,0.3,0.176677535815777,0.8,0.801661884464741
"866",866,0.35,0.3,0.168638520705588,0.3,0.172008242848745,0.8,0.78482854424408
"867",867,0.4,0.3,0.106202783862381,0.3,0.169680938095453,0.8,0.803179329295913
"868",868,0.45,0.3,0.00249259434315965,0.3,0.150269511708924,0.8,0.804348245435593
"869",869,0.5,0.3,0.036812589901616,0.3,0.151231525674022,0.8,0.811410898470056
"870",870,0,0.3,0.354043997898859,0.3,0.294596740242581,0.8,0.769017415448756
"871",871,0.05,0.3,0.364110479882011,0.3,0.266890855101969,0.8,0.786412385924432
"872",872,0.1,0.3,0.388845357146044,0.3,0.255039131737268,0.8,0.778911731037853
"873",873,0.15,0.3,0.308666272776572,0.3,0.221846431675118,0.8,0.802600106018206
"874",874,0.2,0.3,0.247822867076901,0.3,0.208075708344492,0.8,0.781933408532698
"875",875,0.25,0.3,0.238962354159542,0.3,0.196267180991518,0.8,0.807169481524048
"876",876,0.3,0.3,0.13545872113242,0.3,0.174487701621567,0.8,0.809997187383692
"877",877,0.35,0.3,0.201589117693896,0.3,0.187761969083917,0.8,0.805741621284597
"878",878,0.4,0.3,0.0898538115229711,0.3,0.166666168394221,0.8,0.811453221055867
"879",879,0.45,0.3,0.0590516980626736,0.3,0.158681841164396,0.8,0.799289879129752
"880",880,0.5,0.3,7.3858492971706e-07,0.3,0.147632109178934,0.8,0.787792473128493
"881",881,0,0.3,0.331628830300471,0.3,0.30927047585884,0.8,0.773298682721876
"882",882,0.05,0.3,0.314748525221101,0.3,0.268249243110976,0.8,0.770659951933358
"883",883,0.1,0.3,0.358271140918046,0.3,0.255402513655896,0.8,0.802476673331291
"884",884,0.15,0.3,0.321863315015357,0.3,0.229307564284315,0.8,0.796427808828215
"885",885,0.2,0.3,0.332355537073648,0.3,0.21731326549057,0.8,0.820051537729539
"886",886,0.25,0.3,0.248203836143145,0.3,0.214474916198972,0.8,0.79114872899844
"887",887,0.3,0.3,0.152055590222795,0.3,0.177558722465699,0.8,0.779253013909714
"888",888,0.35,0.3,0.138412757687716,0.3,0.179718579043414,0.8,0.795753879216298
"889",889,0.4,0.3,0.0814139388851113,0.3,0.149544713778779,0.8,0.794940697542426
"890",890,0.45,0.3,2.19418445664636e-07,0.3,0.151681657909086,0.8,0.799409754379077
"891",891,0.5,0.3,7.39871746734152e-08,0.3,0.142920591643651,0.8,0.813363766530521
"892",892,0,0.3,0.361034624727808,0.3,0.300323722392397,0.8,0.778337417200062
"893",893,0.05,0.3,0.369536650392459,0.3,0.278580908539477,0.8,0.787345654378316
"894",894,0.1,0.3,0.313394373296007,0.3,0.243600055452497,0.8,0.785770551380232
"895",895,0.15,0.3,0.327773503578236,0.3,0.221561049290149,0.8,0.790645497832371
"896",896,0.2,0.3,0.254414441018555,0.3,0.210184741947548,0.8,0.79174833396669
"897",897,0.25,0.3,0.230573721499663,0.3,0.193934880105865,0.8,0.814042314871367
"898",898,0.3,0.3,0.172050816780862,0.3,0.184354468396137,0.8,0.773290530804183
"899",899,0.35,0.3,0.153374331852827,0.3,0.188942058009862,0.8,0.807500652650109
"900",900,0.4,0.3,0.116375969594197,0.3,0.168431141094932,0.8,0.792241430521593
"901",901,0.45,0.3,0.0172075300020347,0.3,0.154081426496287,0.8,0.792921585853336
"902",902,0.5,0.3,0.0223432647455608,0.3,0.145743098188679,0.8,0.811365124952148
"903",903,0,0.3,0.308149422609656,0.3,0.309478967235637,0.8,0.757095051393098
"904",904,0.05,0.3,0.30536486113424,0.3,0.265821608541703,0.8,0.779810499618656
"905",905,0.1,0.3,0.318830643391684,0.3,0.243801267379121,0.8,0.776827464812288
"906",906,0.15,0.3,0.331231153258072,0.3,0.232648150912754,0.8,0.803739996369338
"907",907,0.2,0.3,0.263910594038334,0.3,0.213087899258733,0.8,0.801451268326714
"908",908,0.25,0.3,0.211832977951641,0.3,0.192977585207594,0.8,0.781069002987406
"909",909,0.3,0.3,0.163948741234066,0.3,0.178295053916134,0.8,0.793496931326407
"910",910,0.35,0.3,0.151396208878785,0.3,0.179861060145714,0.8,0.795646897639722
"911",911,0.4,0.3,0.129594404150629,0.3,0.168566190096322,0.8,0.80738129061965
"912",912,0.45,0.3,0.0845022225529197,0.3,0.16510264744804,0.8,0.794996457631579
"913",913,0.5,0.3,0.017193652909007,0.3,0.154798472430518,0.8,0.798183298288866
"914",914,0,0.3,0.327441496338712,0.3,0.29134918611986,0.8,0.761602678391114
"915",915,0.05,0.3,0.306856826883782,0.3,0.267756171302207,0.8,0.785440042000161
"916",916,0.1,0.3,0.345942317132819,0.3,0.242347351395549,0.8,0.789924884763645
"917",917,0.15,0.3,0.348663484568097,0.3,0.234358114265153,0.8,0.793427593741045
"918",918,0.2,0.3,0.287937222341386,0.3,0.206722087273733,0.8,0.809245056793961
"919",919,0.25,0.3,0.267636335127054,0.3,0.196497213906883,0.8,0.791686974375555
"920",920,0.3,0.3,0.180359492338954,0.3,0.184545000524854,0.8,0.804128066811144
"921",921,0.35,0.3,0.130742745374454,0.3,0.175599054372636,0.8,0.782643801182122
"922",922,0.4,0.3,0.00982357135481935,0.3,0.158822763125748,0.8,0.781083264071079
"923",923,0.45,0.3,0.0399896382917269,0.3,0.147499840730246,0.8,0.80592194939824
"924",924,0.5,0.3,4.22853766707206e-07,0.3,0.146918722692734,0.8,0.808496675764806
"925",925,0,0.3,0.312367147518978,0.3,0.311723879713065,0.8,0.749803807083824
"926",926,0.05,0.3,0.386501872312713,0.3,0.279954019129838,0.8,0.795692013471095
"927",927,0.1,0.3,0.301452904542815,0.3,0.237364439043382,0.8,0.778235902191913
"928",928,0.15,0.3,0.259434023767365,0.3,0.214563227383202,0.8,0.797384435008802
"929",929,0.2,0.3,0.298243230180686,0.3,0.210159675969989,0.8,0.801069947418181
"930",930,0.25,0.3,0.265809177004513,0.3,0.201269272722876,0.8,0.801156989767006
"931",931,0.3,0.3,0.149996067354439,0.3,0.179437871458495,0.8,0.794796151406504
"932",932,0.35,0.3,0.120053176043621,0.3,0.169864539493099,0.8,0.810529054916118
"933",933,0.4,0.3,0.0820144197721609,0.3,0.16325525531275,0.8,0.798381539352588
"934",934,0.45,0.3,0.0144073917805606,0.3,0.148755712458464,0.8,0.793723031412218
"935",935,0.5,0.3,1.09870636866883e-06,0.3,0.143333673360864,0.8,0.785132848487656
"936",936,0,0.3,0.366656961310669,0.3,0.301083719652571,0.8,0.782337153449791
"937",937,0.05,0.3,0.31985909918649,0.3,0.267019560495153,0.8,0.771985967511809
"938",938,0.1,0.3,0.351924782344999,0.3,0.243689211047489,0.8,0.792639189179389
"939",939,0.15,0.3,0.277775319225163,0.3,0.224040897937358,0.8,0.789128927867429
"940",940,0.2,0.3,0.295488070293599,0.3,0.201373770900189,0.8,0.795530700463643
"941",941,0.25,0.3,0.245392866102086,0.3,0.200218963605146,0.8,0.79653934810724
"942",942,0.3,0.3,0.184245927514263,0.3,0.183505205809819,0.8,0.804941187486109
"943",943,0.35,0.3,0.107026226457915,0.3,0.162424817044109,0.8,0.797194969262049
"944",944,0.4,0.3,0.0426665427495506,0.3,0.154036842342268,0.8,0.794648217116914
"945",945,0.45,0.3,0.0259339422531235,0.3,0.156544873617624,0.8,0.80573453073703
"946",946,0.5,0.3,0.0124359657670876,0.3,0.143405888513018,0.8,0.79275403850003
"947",947,0,0.3,0.336345227065785,0.3,0.287700450930837,0.8,0.77653472003175
"948",948,0.05,0.3,0.354867852948739,0.3,0.289063444066413,0.8,0.777805107948403
"949",949,0.1,0.3,0.32380012021214,0.3,0.252625130554812,0.8,0.787661394695342
"950",950,0.15,0.3,0.312024589400904,0.3,0.221962996472349,0.8,0.797991537069764
"951",951,0.2,0.3,0.253201441130944,0.3,0.211622167828923,0.8,0.794578937511839
"952",952,0.25,0.3,0.195036941828463,0.3,0.204005552289948,0.8,0.78948657478277
"953",953,0.3,0.3,0.114936132962596,0.3,0.173854265256648,0.8,0.797193546517006
"954",954,0.35,0.3,0.142684572959683,0.3,0.168495047086635,0.8,0.805724168479843
"955",955,0.4,0.3,0.0412883291802712,0.3,0.163546674630494,0.8,0.802570413957385
"956",956,0.45,0.3,0.0683542311928822,0.3,0.161548111396806,0.8,0.79517139070839
"957",957,0.5,0.3,1.33874715708225e-06,0.3,0.148423634424079,0.8,0.793041374754188
"958",958,0,0.3,0.326483342334138,0.3,0.306300526218901,0.8,0.766629551094858
"959",959,0.05,0.3,0.37350996128246,0.3,0.26632923694327,0.8,0.768447390378399
"960",960,0.1,0.3,0.347081316492161,0.3,0.241625925143131,0.8,0.7902368709543
"961",961,0.15,0.3,0.301162216728715,0.3,0.232159017596407,0.8,0.781457164899763
"962",962,0.2,0.3,0.282085411846666,0.3,0.220328527939654,0.8,0.800817373824756
"963",963,0.25,0.3,0.253800455568517,0.3,0.199307694694011,0.8,0.812888841021553
"964",964,0.3,0.3,0.184121271821127,0.3,0.184075969595637,0.8,0.796878386966453
"965",965,0.35,0.3,0.111207774219197,0.3,0.171619666751125,0.8,0.789159344995565
"966",966,0.4,0.3,0.0580760981536975,0.3,0.163998188214401,0.8,0.79647725417647
"967",967,0.45,0.3,5.57363861883084e-07,0.3,0.147374455549822,0.8,0.794511420150608
"968",968,0.5,0.3,5.83736047135938e-06,0.3,0.144432589102738,0.8,0.799199014732468
"969",969,0,0.3,0.35848701188407,0.3,0.309961563506421,0.8,0.762662152145026
"970",970,0.05,0.3,0.326108669358459,0.3,0.266332285162784,0.8,0.78429493374762
"971",971,0.1,0.3,0.320406875214416,0.3,0.251602875232534,0.8,0.770883190581858
"972",972,0.15,0.3,0.318858659965101,0.3,0.226839840364598,0.8,0.80398609915073
"973",973,0.2,0.3,0.281450400550659,0.3,0.201967037434721,0.8,0.787802971559671
"974",974,0.25,0.3,0.213479630577115,0.3,0.193712418398486,0.8,0.81171626531399
"975",975,0.3,0.3,0.160075463417088,0.3,0.177878713711434,0.8,0.799229488143367
"976",976,0.35,0.3,0.188239111520757,0.3,0.183532296812935,0.8,0.805855090270759
"977",977,0.4,0.3,0.0725780032514599,0.3,0.160782404209676,0.8,0.805510615791666
"978",978,0.45,0.3,0.0427421924744707,0.3,0.154862893893386,0.8,0.820639372334347
"979",979,0.5,0.3,0.00954196933472834,0.3,0.151155320962788,0.8,0.795829168882122
"980",980,0,0.3,0.319852877309829,0.3,0.284512222990903,0.8,0.759219645913619
"981",981,0.05,0.3,0.37150536179874,0.3,0.277738307055497,0.8,0.773353777239902
"982",982,0.1,0.3,0.329921880760395,0.3,0.248455195131599,0.8,0.785704304033488
"983",983,0.15,0.3,0.266939753415865,0.3,0.22373568445236,0.8,0.788493011026516
"984",984,0.2,0.3,0.237109689713098,0.3,0.20825379303085,0.8,0.793348746595265
"985",985,0.25,0.3,0.237438630073337,0.3,0.208466012608773,0.8,0.783194274084547
"986",986,0.3,0.3,0.112184481450328,0.3,0.171600503574537,0.8,0.786010852757899
"987",987,0.35,0.3,0.146867067696632,0.3,0.176247494703511,0.8,0.786774452173955
"988",988,0.4,0.3,0.0976078906199919,0.3,0.169715317859649,0.8,0.805571879473191
"989",989,0.45,0.3,0.0214119351244798,0.3,0.159730117970795,0.8,0.813632005817696
"990",990,0.5,0.3,0.0146322777544717,0.3,0.147744076160938,0.8,0.79811278142888
"991",991,0,0.3,0.336516054186521,0.3,0.297570556143082,0.8,0.756120333270133
"992",992,0.05,0.3,0.390893686881634,0.3,0.286007994963919,0.8,0.790987300604421
"993",993,0.1,0.3,0.357070140640851,0.3,0.263138391607786,0.8,0.78542928997428
"994",994,0.15,0.3,0.304842730733199,0.3,0.230970115186695,0.8,0.783701684781058
"995",995,0.2,0.3,0.290704651880177,0.3,0.208640397186467,0.8,0.804252923298054
"996",996,0.25,0.3,0.257495268092654,0.3,0.193440609023553,0.8,0.806029882001632
"997",997,0.3,0.3,0.221105576376023,0.3,0.185741433610403,0.8,0.806527061301403
"998",998,0.35,0.3,0.200672840561385,0.3,0.187013894920011,0.8,0.795666489387619
"999",999,0.4,0.3,0.0475692978827926,0.3,0.167864455550255,0.8,0.804887499871997
"1000",1000,0.45,0.3,4.07775137608936e-08,0.3,0.147477132874953,0.8,0.809210182740775
"1001",1001,0.5,0.3,6.99580687263607e-07,0.3,0.152716291416173,0.8,0.796508797257377
"1002",1002,0,0.3,0.338966149762588,0.3,0.312774176177416,0.8,0.767322534325659
"1003",1003,0.05,0.3,0.349419007875495,0.3,0.272161052878457,0.8,0.765054104420835
"1004",1004,0.1,0.3,0.363666027478752,0.3,0.251995342379666,0.8,0.775000902014623
"1005",1005,0.15,0.3,0.307500479297177,0.3,0.229284007611173,0.8,0.799071065656659
"1006",1006,0.2,0.3,0.277395331728338,0.3,0.216179594712969,0.8,0.798587645047985
"1007",1007,0.25,0.3,0.240059961816833,0.3,0.197392701214427,0.8,0.807108553999319
"1008",1008,0.3,0.3,0.150170286350333,0.3,0.181765778948876,0.8,0.794103338123593
"1009",1009,0.35,0.3,0.127478007559882,0.3,0.171638931149613,0.8,0.806135721747371
"1010",1010,0.4,0.3,0.0904962012506701,0.3,0.161356405651562,0.8,0.797423158778994
"1011",1011,0.45,0.3,0.0151669756315838,0.3,0.153942248385528,0.8,0.793793474141729
"1012",1012,0.5,0.3,8.80716553843312e-08,0.3,0.149658487480155,0.8,0.8003700850716
"1013",1013,0,0.3,0.354407939016152,0.3,0.291644312318372,0.8,0.767118330824897
"1014",1014,0.05,0.3,0.329324991784904,0.3,0.276648144886119,0.8,0.79155055370291
"1015",1015,0.1,0.3,0.355938856551335,0.3,0.25126457797677,0.8,0.786359034452394
"1016",1016,0.15,0.3,0.298837211781519,0.3,0.225800522070925,0.8,0.796771277223858
"1017",1017,0.2,0.3,0.279333151698202,0.3,0.211815931860931,0.8,0.790506505525984
"1018",1018,0.25,0.3,0.239210371231999,0.3,0.196066415972792,0.8,0.794995936104399
"1019",1019,0.3,0.3,0.140393552155971,0.3,0.17984076351809,0.8,0.797452234325954
"1020",1020,0.35,0.3,0.141776704548087,0.3,0.180343335090368,0.8,0.797807834498623
"1021",1021,0.4,0.3,0.121150073188951,0.3,0.171845729675379,0.8,0.802947651690068
"1022",1022,0.45,0.3,0.0476743058794374,0.3,0.149795076947213,0.8,0.809456219313335
"1023",1023,0.5,0.3,4.89567009993807e-07,0.3,0.149251874293128,0.8,0.803898541760845
"1024",1024,0,0.3,0.347512986678499,0.3,0.293730896737791,0.8,0.764271937163048
"1025",1025,0.05,0.3,0.351186702526943,0.3,0.267578203419921,0.8,0.770103072658399
"1026",1026,0.1,0.3,0.36313204815444,0.3,0.253056908742653,0.8,0.797692230867401
"1027",1027,0.15,0.3,0.317470358925968,0.3,0.230355917011768,0.8,0.799830016076801
"1028",1028,0.2,0.3,0.332269358538339,0.3,0.215321216101099,0.8,0.80021911612726
"1029",1029,0.25,0.3,0.22880421433554,0.3,0.196087964120303,0.8,0.779712663069142
"1030",1030,0.3,0.3,0.120103480542048,0.3,0.172537112363553,0.8,0.804758141985966
"1031",1031,0.35,0.3,0.124647031781859,0.3,0.171355129029305,0.8,0.787830302478535
"1032",1032,0.4,0.3,0.0547906178077517,0.3,0.155385812912005,0.8,0.814205141943568
"1033",1033,0.45,0.3,0.0301822489462897,0.3,0.153247523706256,0.8,0.795223293721405
"1034",1034,0.5,0.3,0.0433512107598229,0.3,0.156811829511254,0.8,0.81594209781612
"1035",1035,0,0.3,0.362687415440964,0.3,0.306086090332979,0.8,0.774677953064177
"1036",1036,0.05,0.3,0.336588644096061,0.3,0.268025726018401,0.8,0.761567253439241
"1037",1037,0.1,0.3,0.362862479937944,0.3,0.259975153307301,0.8,0.797512992166055
"1038",1038,0.15,0.3,0.307429978054608,0.3,0.235080857990845,0.8,0.781125444921318
"1039",1039,0.2,0.3,0.290816773106234,0.3,0.220454557254504,0.8,0.791066563547901
"1040",1040,0.25,0.3,0.234197899433525,0.3,0.188773915964027,0.8,0.790243053830805
"1041",1041,0.3,0.3,0.182633078174052,0.3,0.182636944512169,0.8,0.806663295569813
"1042",1042,0.35,0.3,0.0871635811014427,0.3,0.166901661908697,0.8,0.795324856606691
"1043",1043,0.4,0.3,0.10328200186854,0.3,0.1703032501594,0.8,0.807659916331038
"1044",1044,0.45,0.3,0.031797219514442,0.3,0.156229059475482,0.8,0.794047708760535
"1045",1045,0.5,0.3,0.0019075968579987,0.3,0.146200452743909,0.8,0.806105073219153
"1046",1046,0,0.3,0.361005650742325,0.3,0.304338822374842,0.8,0.769352308180378
"1047",1047,0.05,0.3,0.402068097742596,0.3,0.277966546939184,0.8,0.793962166307951
"1048",1048,0.1,0.3,0.33915777676948,0.3,0.248328187709619,0.8,0.786516272485942
"1049",1049,0.15,0.3,0.324144848717612,0.3,0.220608302210968,0.8,0.801704985868754
"1050",1050,0.2,0.3,0.289675351217077,0.3,0.215401329895311,0.8,0.794919733663246
"1051",1051,0.25,0.3,0.223860635882444,0.3,0.20146468304876,0.8,0.78285917151558
"1052",1052,0.3,0.3,0.171837048647887,0.3,0.177160990105718,0.8,0.804710152315957
"1053",1053,0.35,0.3,0.133168773108512,0.3,0.174010387797167,0.8,0.79803128632601
"1054",1054,0.4,0.3,0.0447464496007508,0.3,0.160258899672138,0.8,0.792146459688194
"1055",1055,0.45,0.3,0.0528883248089629,0.3,0.160755379282015,0.8,0.791044481247084
"1056",1056,0.5,0.3,6.10777799548332e-07,0.3,0.147409567078884,0.8,0.797847207527725
"1057",1057,0,0.3,0.321000022761171,0.3,0.311523651982508,0.8,0.764145242889932
"1058",1058,0.05,0.3,0.364597928806172,0.3,0.277550584765875,0.8,0.761522000112823
"1059",1059,0.1,0.3,0.345861521907688,0.3,0.2576726954323,0.8,0.777510251017723
"1060",1060,0.15,0.3,0.3449343162314,0.3,0.232473708140986,0.8,0.781274202388225
"1061",1061,0.2,0.3,0.295005936987351,0.3,0.218334723435732,0.8,0.796494663295053
"1062",1062,0.25,0.3,0.206988021889984,0.3,0.186605707779803,0.8,0.806944767897552
"1063",1063,0.3,0.3,0.101052613621567,0.3,0.174922255027297,0.8,0.786060920977158
"1064",1064,0.35,0.3,0.122460472012591,0.3,0.174163298472154,0.8,0.798298466840384
"1065",1065,0.4,0.3,0.0470052812280422,0.3,0.160767346432955,0.8,0.792975699941216
"1066",1066,0.45,0.3,0.0411941479436062,0.3,0.155024141594633,0.8,0.793814081370643
"1067",1067,0.5,0.3,7.23876728270613e-07,0.3,0.14710911874682,0.8,0.80184001564528
"1068",1068,0,0.3,0.352091225722622,0.3,0.305224924206092,0.8,0.769590500959328
"1069",1069,0.05,0.3,0.351310072945369,0.3,0.270705779231687,0.8,0.785075772023357
"1070",1070,0.1,0.3,0.307008393431835,0.3,0.252534646725388,0.8,0.78091684315979
"1071",1071,0.15,0.3,0.271570534140669,0.3,0.217569118825012,0.8,0.781940655271874
"1072",1072,0.2,0.3,0.237200326879909,0.3,0.203575271669664,0.8,0.78804874030772
"1073",1073,0.25,0.3,0.235943332296061,0.3,0.201186622652738,0.8,0.78685671031082
"1074",1074,0.3,0.3,0.142013383222368,0.3,0.18004944973111,0.8,0.801976008454822
"1075",1075,0.35,0.3,0.172239829516603,0.3,0.181464548363773,0.8,0.806272384064254
"1076",1076,0.4,0.3,0.0838452617962226,0.3,0.163138629916677,0.8,0.812428179332324
"1077",1077,0.45,0.3,0.070334991172024,0.3,0.165417212667981,0.8,0.797555701857043
"1078",1078,0.5,0.3,1.33268169639496e-06,0.3,0.15130597701349,0.8,0.807525071620487
"1079",1079,0,0.3,0.347913735077758,0.3,0.307469241304189,0.8,0.753352452814015
"1080",1080,0.05,0.3,0.366961849347904,0.3,0.28379481550516,0.8,0.774381233314128
"1081",1081,0.1,0.3,0.315965245945403,0.3,0.245683225536765,0.8,0.780072874428778
"1082",1082,0.15,0.3,0.320041106554701,0.3,0.231678914857814,0.8,0.787010630510592
"1083",1083,0.2,0.3,0.262393228874456,0.3,0.222286571578615,0.8,0.789061026837521
"1084",1084,0.25,0.3,0.1915216103009,0.3,0.192851422718243,0.8,0.808325391068695
"1085",1085,0.3,0.3,0.233573052559122,0.3,0.192123795817751,0.8,0.804979306903334
"1086",1086,0.35,0.3,0.149043728456539,0.3,0.169246624879467,0.8,0.790922154538324
"1087",1087,0.4,0.3,0.10042415526484,0.3,0.168703330871725,0.8,0.797561530522247
"1088",1088,0.45,0.3,0.0238171501340069,0.3,0.152641400273062,0.8,0.802479795917567
"1089",1089,0.5,0.3,1.05804143895387e-06,0.3,0.151795518299184,0.8,0.804149502506641
"1090",1090,0,0.3,0.353891128979032,0.3,0.301972256889161,0.8,0.76022393209681
"1091",1091,0.05,0.3,0.349099342505207,0.3,0.282110908962099,0.8,0.768560164813444
"1092",1092,0.1,0.3,0.305832058289026,0.3,0.248897212476557,0.8,0.77379937362702
"1093",1093,0.15,0.3,0.316457474652531,0.3,0.232609645724731,0.8,0.796381581500795
"1094",1094,0.2,0.3,0.250573153852635,0.3,0.209703891652572,0.8,0.801204171541198
"1095",1095,0.25,0.3,0.257426770146808,0.3,0.199526622660116,0.8,0.800962072700339
"1096",1096,0.3,0.3,0.214911134678292,0.3,0.198794888731795,0.8,0.794266809604479
"1097",1097,0.35,0.3,0.141657783513638,0.3,0.175013154743885,0.8,0.807905056486782
"1098",1098,0.4,0.3,0.0636271008552157,0.3,0.157520847835442,0.8,0.809133053492816
"1099",1099,0.45,0.3,0.01061624819813,0.3,0.151517889537084,0.8,0.796307497716812
"1100",1100,0.5,0.3,1.22339346803115e-07,0.3,0.147657165057404,0.8,0.807388537596029
