"","BRM_ID","B_SEGMENT","BEND_NUM","B_DESC","UPPER_RIVER_MILE","LOWER_RIVER_MILE","STATE","Length.RM","Length.RKM","NA.","basin","id","bend_start_rkm","irc"
"lower.1",457,14,1,"Amazon Bend",3.4,0,"MO",3.4,5.471756,NA,"lower",1,5.471756,0
"lower.2",458,14,2,"Cora Island Bend",6,3.5,"MO",2.5,4.02335,NA,"lower",2,9.495106,0
"lower.3",459,14,3,"Bellefontaine Bend",9.3,6.1,"MO",3.2,5.149888,NA,"lower",3,14.644994,0
"lower.4",460,14,4,"Brickhouse Bend",10.7,9.4,"MO",1.3,2.092142,NA,"lower",4,16.737136,0
"lower.5",461,14,5,"Pelican Bend",16.8,10.8,"MO",6,9.65604,NA,"lower",5,26.393176,0
"lower.6",462,14,6,"Mullanphy Bend",22,16.9,"MO",5.1,8.207634,NA,"lower",6,34.60081,0
"lower.7",463,14,7,"Cul de Sac Bend",25.4,22.1,"MO",3.3,5.310822,NA,"lower",7,39.911632,0
"lower.8",464,14,8,"St. Charles Bends",26.5,25.5,"MO",1,1.60934,NA,"lower",8,41.520972,0
"lower.9",465,14,9,"St. Charles Bends",28.6,26.6,"MO",2,3.21868,NA,"lower",9,44.739652,0
"lower.10",466,14,10,"Creve Coeur Bend",31.8,28.7,"MO",3.1,4.988954,NA,"lower",10,49.728606,0
"lower.11",467,14,11,"Springhouse Bend",34.1,31.9,"MO",2.2,3.540548,NA,"lower",11,53.269154,0
"lower.12",468,14,12,"Howard Bend",37.5,34.2,"MO",3.3,5.310822,NA,"lower",12,58.579976,0
"lower.13",469,14,13,"Bonhomme Bends",38.9,37.6,"MO",1.3,2.092142,NA,"lower",13,60.672118,0
"lower.14",470,14,14,"Bonhomme Bends",40.7,39,"MO",1.7,2.735878,NA,"lower",14,63.407996,0
"lower.15",471,14,15,"Weldon Springs Bend",43.8,40.8,"MO",3,4.82802,NA,"lower",15,68.236016,0
"lower.16",472,14,16,"Monarch Bend",45.2,43.9,"MO",1.3,2.09214200000001,NA,"lower",16,70.328158,0
"lower.17",473,14,17,"Doziers Bend",48.5,45.3,"MO",3.2,5.149888,NA,"lower",17,75.478046,0
"lower.18",474,14,18,"Centaur Bends",49.9,48.6,"MO",1.3,2.092142,NA,"lower",18,77.570188,0
"lower.19",475,14,19,"Centaur Bends",51.3,50,"MO",1.3,2.092142,NA,"lower",19,79.66233,0
"lower.20",476,14,20,"St. Albans Bend",54.3,51.4,"MO",2.9,4.667086,NA,"lower",20,84.329416,0
"lower.21",477,14,21,"Augusta Bend",56.6,54.4,"MO",2.2,3.540548,NA,"lower",21,87.869964,0
"lower.22",478,14,22,"Hinkles Bends",58.7,56.7,"MO",2,3.21868,NA,"lower",22,91.088644,0
"lower.23",479,14,23,"Hinkles Bends",60.4,58.8,"MO",1.6,2.574944,NA,"lower",23,93.663588,0
"lower.24",480,14,24,"Boles Bend",64.9,60.5,"MO",4.40000000000001,7.08109600000001,NA,"lower",24,100.744684,0
"lower.25",481,14,25,"South Point Bend",66.9,65,"MO",1.90000000000001,3.05774600000001,NA,"lower",25,103.80243,0
"lower.26",482,14,26,"Washington Bend",69.8,67,"MO",2.8,4.506152,NA,"lower",26,108.308582,0
"lower.27",483,14,27,"Marthasville Bend",74.5,69.9,"MO",4.59999999999999,7.40296399999999,NA,"lower",27,115.711546,0
"lower.28",484,14,28,"Dundee Bends",77,74.6,"MO",2.40000000000001,3.86241600000001,NA,"lower",28,119.573962,0
"lower.29",485,14,29,"Dundee Bends",78,77.1,"MO",0.900000000000006,1.44840600000001,NA,"lower",29,121.022368,0
"lower.30",486,14,30,"New Haven Bends",79.9,78.1,"MO",1.80000000000001,2.89681200000002,NA,"lower",30,123.91918,0
"lower.31",487,14,31,"New Haven Bends",80.9,80,"MO",0.900000000000006,1.44840600000001,NA,"lower",31,125.367586,0
"lower.32",488,14,32,"New Haven Bends",82.8,81,"MO",1.8,2.896812,NA,"lower",32,128.264398,0
"lower.33",489,14,33,"Pinckney Bend",85.4,82.9,"MO",2.5,4.02335,NA,"lower",33,132.287748,0
"lower.34",490,14,34,"Bernheimer Bends",86.7,85.5,"MO",1.2,1.931208,NA,"lower",34,134.218956,0
"lower.35",491,14,35,"Bernheimer Bends",88.2,86.8,"MO",1.40000000000001,2.25307600000001,NA,"lower",35,136.472032,0
"lower.36",492,14,36,"Bernheimer Bends",89.8,88.3,"MO",1.5,2.41401,NA,"lower",36,138.886042,0
"lower.37",493,14,37,"Berger Bend",91.6,89.9,"MO",1.69999999999999,2.73587799999998,NA,"lower",37,141.62192,0
"lower.38",494,14,38,"Bates Island Bend",94.1,91.7,"MO",2.39999999999999,3.86241599999999,NA,"lower",38,145.484336,0
"lower.39",495,14,39,"Herman Bends",95.4,94.2,"MO",1.2,1.931208,NA,"lower",39,147.415544,0
"lower.40",496,14,40,"Herman Bends",96.8,95.5,"MO",1.3,2.092142,NA,"lower",40,149.507686,0
"lower.41",497,14,41,"Herman Bends",98.3,96.9,"MO",1.39999999999999,2.25307599999999,NA,"lower",41,151.760762,0
"lower.42",498,14,42,"Herman Bends",99.9,98.4,"MO",1.5,2.41401,NA,"lower",42,154.174772,0
"lower.43",499,14,43,"McGirks Island Reach",103.3,100,"MO",3.3,5.310822,NA,"lower",43,159.485594,0
"lower.44",504,14,48,"Morrison Bend",112.1,100.3,"MO",11.8,18.990212,NA,"lower",44,178.475806,0
"lower.45",500,14,44,"Gasconade River Bend",105.1,103.4,"MO",1.69999999999999,2.73587799999998,NA,"lower",45,181.211684,0
"lower.46",501,14,45,"Straubs Bends",106.3,105.2,"MO",1.09999999999999,1.77027399999999,NA,"lower",46,182.981958,0
"lower.47",502,14,46,"Straubs Bends",107.9,106.4,"MO",1.5,2.41401,NA,"lower",47,185.395968,0
"lower.48",503,14,47,"Bluffton Bend",110.2,108,"MO",2.2,3.540548,NA,"lower",48,188.936516,0
"lower.49",505,14,49,"Portland Bend",116.1,112.2,"MO",3.89999999999999,6.27642599999999,NA,"lower",49,195.212942,0
"lower.50",506,14,50,"Chamois Bend",118.3,116.2,"MO",2.09999999999999,3.37961399999999,NA,"lower",50,198.592556,0
"lower.51",507,14,51,"Auxvasse Bends",120.8,118.4,"MO",2.39999999999999,3.86241599999999,NA,"lower",51,202.454972,0
"lower.52",508,14,52,"Auxvasse Bends",122.3,120.9,"MO",1.39999999999999,2.25307599999999,NA,"lower",52,204.708048,0
"lower.53",509,14,53,"St Aubert Bend",125,122.4,"MO",2.59999999999999,4.18428399999999,NA,"lower",53,208.892332,0
"lower.54",510,14,54,"Isbell Bends",127,125.1,"MO",1.90000000000001,3.05774600000001,NA,"lower",54,211.950078,0
"lower.55",511,14,55,"Isbell Bends",128.5,127.1,"MO",1.40000000000001,2.25307600000001,NA,"lower",55,214.203154,0
"lower.56",512,14,56,"Osage River Bend",130.2,128.6,"MO",1.59999999999999,2.57494399999999,NA,"lower",56,216.778098,0
"lower.57",412,13,1,"Cote Sans Dessein Bend",132.6,130.3,"MO",2.29999999999998,3.70148199999997,NA,"lower",57,220.47958,0
"lower.58",413,13,2,"Rising Creek Bends",134.7,132.7,"MO",2,3.21868,NA,"lower",58,223.69826,0
"lower.59",414,13,3,"Rising Creek Bends",135.9,134.8,"MO",1.09999999999999,1.77027399999999,NA,"lower",59,225.468534,0
"lower.60",415,13,4,"Rising Creek Bends",137.6,136,"MO",1.59999999999999,2.57494399999999,NA,"lower",60,228.043478,0
"lower.61",416,13,5,"Rising Creek Bends",138.9,137.7,"MO",1.20000000000002,1.93120800000003,NA,"lower",61,229.974686,0
"lower.62",417,13,6,"Rising Creek Bends",142,139,"MO",3,4.82802,NA,"lower",62,234.802706,0
"lower.63",418,13,7,"Jefferson City Reach",143.5,142.1,"MO",1.40000000000001,2.25307600000001,NA,"lower",63,237.055782,0
"lower.64",419,13,8,"Jefferson City Reach",146,143.6,"MO",2.40000000000001,3.86241600000001,NA,"lower",64,240.918198,0
"lower.65",420,13,9,"Murrays Bend",149.5,146.1,"MO",3.40000000000001,5.47175600000001,NA,"lower",65,246.389954,0
"lower.66",421,13,10,"Stanley Bend",151.6,149.6,"MO",2,3.21868,NA,"lower",66,249.608634,0
"lower.67",422,13,11,"Burlington Bend",154.8,151.7,"MO",3.10000000000002,4.98895400000004,NA,"lower",67,254.597588,0
"lower.68",423,13,12,"Marion Bend",158.7,154.9,"MO",3.79999999999998,6.11549199999997,NA,"lower",68,260.71308,0
"lower.69",424,13,13,"Eureka Bend",162.3,158.8,"MO",3.5,5.63269,NA,"lower",69,266.34577,0
"lower.70",425,13,14,"Sandy Hook Bend",166.8,162.4,"MO",4.40000000000001,7.08109600000001,NA,"lower",70,273.426866,0
"lower.71",426,13,15,"Providence Bend",171.3,166.9,"MO",4.40000000000001,7.08109600000001,NA,"lower",71,280.507962,0
"lower.72",427,13,16,"Plow Boy Bend",174.4,171.4,"MO",3,4.82802,NA,"lower",72,285.335982,0
"lower.73",428,13,17,"Lupus Bend",176.6,174.5,"MO",2.09999999999999,3.37961399999999,NA,"lower",73,288.715596,0
"lower.74",429,13,18,"McBaine Bend",178.4,176.7,"MO",1.70000000000002,2.73587800000003,NA,"lower",74,291.451474,0
"lower.75",430,13,19,"Searcy's Bend",180.3,178.5,"MO",1.80000000000001,2.89681200000002,NA,"lower",75,294.348286,0
"lower.76",431,13,20,"Rocheport Bends",181.7,180.4,"MO",1.29999999999998,2.09214199999997,NA,"lower",76,296.440428,0
"lower.77",432,13,21,"Rocheport Bends",183.3,181.8,"MO",1.5,2.41401,NA,"lower",77,298.854438,0
"lower.78",433,13,22,"Rocheport Bends",184.8,183.4,"MO",1.40000000000001,2.25307600000001,NA,"lower",78,301.107514,0
"lower.79",434,13,23,"Rocheport Bends",186.9,184.9,"MO",2,3.21868,NA,"lower",79,304.326194,0
"lower.80",435,13,24,"Diana Bends",189.1,187,"MO",2.09999999999999,3.37961399999999,NA,"lower",80,307.705808,0
"lower.81",436,13,25,"Diana Bend",191.9,189.2,"MO",2.70000000000002,4.34521800000003,NA,"lower",81,312.051026,0
"lower.82",437,13,26,"Franklin Island Reach",193.8,192,"MO",1.80000000000001,2.89681200000002,NA,"lower",82,314.947838,0
"lower.83",438,13,27,"Franklin Bend",197.2,193.9,"MO",3.29999999999998,5.31082199999997,NA,"lower",83,320.25866,0
"lower.84",439,13,28,"Booneville Bends",199.6,197.3,"MO",2.29999999999998,3.70148199999997,NA,"lower",84,323.960142,0
"lower.85",440,13,29,"Booneville Bends",201.2,199.7,"MO",1.5,2.41401,NA,"lower",85,326.374152,0
"lower.86",441,13,30,"Lamine River Bend",203.8,201.3,"MO",2.5,4.02335,NA,"lower",86,330.397502,0
"lower.87",442,13,31,"Slaughterhouse Bend",205.5,203.9,"MO",1.59999999999999,2.57494399999999,NA,"lower",87,332.972446,0
"lower.88",443,13,32,"Robinson Bends",207.3,205.6,"MO",1.70000000000002,2.73587800000003,NA,"lower",88,335.708324,0
"lower.89",444,13,33,"Robinson Bends",209.3,207.4,"MO",1.90000000000001,3.05774600000001,NA,"lower",89,338.76607,0
"lower.90",445,13,34,"Arrow Rock Bend",211,209.4,"MO",1.59999999999999,2.57494399999999,NA,"lower",90,341.341014,0
"lower.91",446,13,35,"Salt Creek Bend",214,211.1,"MO",2.90000000000001,4.66708600000001,NA,"lower",91,346.0081,0
"lower.92",447,13,36,"Saline City Bend",217.5,214.1,"MO",3.40000000000001,5.47175600000001,NA,"lower",92,351.479856,0
"lower.93",448,13,37,"Euphrase Bend",220.1,217.6,"MO",2.5,4.02335,NA,"lower",93,355.503206,0
"lower.94",449,13,38,"Fish Creek Bend",222.5,220.2,"MO",2.30000000000001,3.70148200000002,NA,"lower",94,359.204688,0
"lower.95",450,13,39,"Glasgow Bend",228.3,222.6,"MO",5.70000000000002,9.17323800000003,NA,"lower",95,368.377926,0
"lower.96",451,13,40,"Cambridge Bend",232.3,228.4,"MO",3.90000000000001,6.27642600000001,NA,"lower",96,374.654352,0
"lower.97",452,13,41,"Wilhoite Bend",234.4,232.4,"MO",2,3.21868,NA,"lower",97,377.873032,0
"lower.98",453,13,42,"Gilliam Bend",236.9,234.5,"MO",2.40000000000001,3.86241600000001,NA,"lower",98,381.735448,0
"lower.99",454,13,43,"Little Missouri Bend",239.6,237,"MO",2.59999999999999,4.18428399999999,NA,"lower",99,385.919732,0
"lower.100",455,13,44,"Bushwhacker Bend",246.3,239.7,"MO",6.60000000000002,10.621644,NA,"lower",100,396.541376,0
"lower.101",456,13,45,"Grand River Bend",250.3,246.4,"MO",3.90000000000001,6.27642600000001,NA,"lower",101,402.817802,0
"lower.102",373,10,1,"Brunswick Bend",253.3,250.4,"MO",2.90000000000001,4.66708600000001,NA,"lower",102,407.484888,0
"lower.103",374,10,2,"Dewitt Bend",257.3,253.4,"MO",3.90000000000001,6.27642600000001,NA,"lower",103,413.761314,0
"lower.104",375,10,3,"Lower Miami Bend",260.3,257.4,"MO",2.90000000000003,4.66708600000005,NA,"lower",104,418.4284,0
"lower.105",376,10,4,"Middle Miami Bend",261.4,260.4,"MO",1,1.60934,NA,"lower",105,420.03774,0
"lower.106",377,10,5,"Upper Miami Bend",263.6,261.5,"MO",2.10000000000002,3.37961400000004,NA,"lower",106,423.417354,0
"lower.107",378,10,6,"Thomas Bend",265.1,263.7,"MO",1.40000000000003,2.25307600000005,NA,"lower",107,425.67043,0
"lower.108",379,10,7,"Teteseau Bend",267.2,265.2,"MO",2,3.21868,NA,"lower",108,428.88911,0
"lower.109",380,10,8,"Prunty Bend",271.9,267.3,"MO",4.59999999999997,7.40296399999994,NA,"lower",109,436.292074,0
"lower.110",381,10,9,"Malta Bends (Lower)",274.2,272,"MO",2.19999999999999,3.54054799999998,NA,"lower",110,439.832622,0
"lower.111",382,10,10,"Malta Bends (Upper)",275.7,274.3,"MO",1.39999999999998,2.25307599999996,NA,"lower",111,442.085698,0
"lower.112",383,10,11,"Tamerlane Bend",279.9,275.8,"MO",4.09999999999997,6.59829399999995,NA,"lower",112,448.683992,0
"lower.113",384,10,12,"Hills Bend",282.4,280,"MO",2.39999999999998,3.86241599999996,NA,"lower",113,452.546408,0
"lower.114",385,10,13,"Cranberry Bend",285,282.5,"MO",2.5,4.02335,NA,"lower",114,456.569758,0
"lower.115",386,10,14,"Bakers bend",290.2,285.1,"MO",5.09999999999997,8.20763399999995,NA,"lower",115,464.777392,0
"lower.116",387,10,15,"Waverly bend",296.6,290.3,"MO",6.30000000000001,10.138842,NA,"lower",116,474.916234,0
"lower.117",388,10,16,"Moberly bend",299.6,296.7,"MO",2.90000000000003,4.66708600000005,NA,"lower",117,479.58332,0
"lower.118",389,10,17,"Hodge bend",301.5,299.7,"MO",1.80000000000001,2.89681200000002,NA,"lower",118,482.480132,0
"lower.119",390,10,18,"Baltimore bend",304.6,301.6,"MO",3,4.82802,NA,"lower",119,487.308152,0
"lower.120",391,10,19,"Berun bend",307.3,304.7,"MO",2.60000000000002,4.18428400000004,NA,"lower",120,491.492436,0
"lower.121",392,10,20,"Tabo bend",309.6,307.4,"MO",2.20000000000005,3.54054800000007,NA,"lower",121,495.032984,0
"lower.122",393,10,21,"Sheep Nose bend",311.5,309.7,"MO",1.80000000000001,2.89681200000002,NA,"lower",122,497.929796,0
"lower.123",394,10,22,"Lexington bend",318,311.6,"MO",6.39999999999998,10.299776,NA,"lower",123,508.229572,0
"lower.124",395,10,23,"Bootlegger bend",319.5,318.1,"MO",1.39999999999998,2.25307599999996,NA,"lower",124,510.482648,0
"lower.125",396,10,24,"Sni bends (Lower)",321.5,319.6,"MO",1.89999999999998,3.05774599999996,NA,"lower",125,513.540394,0
"lower.126",397,10,25,"Sni bend (Upper)",324.2,321.6,"MO",2.59999999999997,4.18428399999994,NA,"lower",126,517.724678,0
"lower.127",398,10,26,"Camden bend",327,324.3,"MO",2.69999999999999,4.34521799999998,NA,"lower",127,522.069896,0
"lower.128",399,10,27,"Napoleon bend",332.3,327.1,"MO",5.19999999999999,8.36856799999998,NA,"lower",128,530.438464,0
"lower.129",400,10,28,"Fishing River bend",335.2,332.4,"MO",2.80000000000001,4.50615200000002,NA,"lower",129,534.944616,0
"lower.130",401,10,29,"Sibley bend",337.1,335.3,"MO",1.80000000000001,2.89681200000002,NA,"lower",130,537.841428,0
"lower.131",402,10,30,"Jackass bend",338.9,337.2,"MO",1.69999999999999,2.73587799999998,NA,"lower",131,540.577306,0
"lower.132",403,10,31,"Little Blue bend",340.4,339,"MO",1.39999999999998,2.25307599999996,NA,"lower",132,542.830382,0
"lower.133",404,10,32,"Cooley Lake bend",342.4,340.5,"MO",1.89999999999998,3.05774599999996,NA,"lower",133,545.888128,0
"lower.134",405,10,33,"Missouri City bends (Lower)",343.6,342.5,"MO",1.10000000000002,1.77027400000004,NA,"lower",134,547.658402,0
"lower.135",406,10,34,"Missouri City bends (Upper)",346.6,343.7,"MO",2.90000000000003,4.66708600000005,NA,"lower",135,552.325488,0
"lower.136",407,10,35,"Jacksons bend",351.3,346.7,"MO",4.60000000000002,7.40296400000004,NA,"lower",136,559.728452,0
"lower.137",408,10,36,"Liberty bend",354.1,351.4,"MO",2.70000000000005,4.34521800000007,NA,"lower",137,564.07367,0
"lower.138",409,10,37,"Big Blue bend",359.2,354.2,"MO",5,8.0467,NA,"lower",138,572.12037,0
"lower.139",410,10,38,"Randolph bend",363.3,359.3,"MO",4,6.43736,NA,"lower",139,578.55773,0
"lower.140",411,10,39,"Kansas River bend",368.9,363.4,"MO",5.5,8.85137,NA,"lower",140,587.4091,0
"lower.141",372,9,80,"Kaw Bend",371.9,369,"MO",2.89999999999998,4.66708599999996,NA,"lower",141,592.076186,0
"lower.142",371,9,79,"Quindaro Bend",375.4,372,"MO",3.39999999999998,5.47175599999996,NA,"lower",142,597.547942,0
"lower.143",370,9,78,"Parkville Bend",378.5,375.5,"MO",3,4.82802,NA,"lower",143,602.375962,0
"lower.144",369,9,77,"Pomeroy Bend",383.2,378.6,"MO",4.59999999999997,7.40296399999994,NA,"lower",144,609.778926,0
"lower.145",368,9,76,"Weavers Bend",385,383.3,"MO",1.69999999999999,2.73587799999998,NA,"lower",145,612.514804,0
"lower.146",367,9,75,"Pope Bend",388.7,385.1,"MO",3.59999999999997,5.79362399999995,NA,"lower",146,618.308428,0
"lower.147",366,9,74,"Delaware Bend",392.4,388.8,"MO",3.59999999999997,5.79362399999995,NA,"lower",147,624.102052,0
"lower.148",365,9,73,"Leavenworth Bend",397.1,392.5,"MO",4.60000000000002,7.40296400000004,NA,"lower",148,631.505016,0
"lower.149",364,9,72,"Leavenworth Reach",398.9,397.2,"MO",1.69999999999999,2.73587799999998,NA,"lower",149,634.240894,0
"lower.150",363,9,71,"Fort Bend",400.3,399,"MO",1.30000000000001,2.09214200000002,NA,"lower",150,636.333036,0
"lower.151",362,9,70,"Weston Bend",404.2,400.4,"MO",3.80000000000001,6.11549200000002,NA,"lower",151,642.448528,0
"lower.152",361,9,69,"Kickapoo Bend",407,404.3,"MO",2.69999999999999,4.34521799999998,NA,"lower",152,646.793746,0
"lower.153",360,9,68,"Lower Iatan Bend",408.4,407.1,"MO",1.29999999999995,2.09214199999993,NA,"lower",153,648.885888,0
"lower.154",359,9,67,"Middle Iatan Bend",410,408.5,"MO",1.5,2.41401,NA,"lower",154,651.299898,0
"lower.155",358,9,66,"Upper Iatan Bend",412.2,410.1,"MO",2.09999999999997,3.37961399999995,NA,"lower",155,654.679512,0
"lower.156",357,9,65,"Oak Mills Bend",415.8,412.3,"MO",3.5,5.63269,NA,"lower",156,660.312202,0
"lower.157",704,9,65,"Oak Mills Bend",415.8,412.3,"MO",3.5,5.63269,NA,"lower",157,665.944892,0
"lower.158",356,9,64,"Bean Lake Bend",417.9,415.9,"NE",2,3.21868,NA,"lower",158,669.163572,0
"lower.159",355,9,63,"Atchison Bend",425.3,418,"NE",7.30000000000001,11.748182,NA,"lower",159,680.911754,0
"lower.160",354,9,62,"Rushville Bend",429.1,425.4,"NE",3.70000000000005,5.95455800000007,NA,"lower",160,686.866312,0
"lower.161",353,9,61,"Doniphan Bend",431.5,429.2,"NE",2.30000000000001,3.70148200000002,NA,"lower",161,690.567794,0
"lower.162",352,9,60,"Geary Bends",435.2,431.6,"NE",3.59999999999997,5.79362399999995,NA,"lower",162,696.361418,0
"lower.163",351,9,59,"Kenmoor Bend",438.1,435.3,"NE",2.80000000000001,4.50615200000002,NA,"lower",163,700.86757,0
"lower.164",350,9,58,"Palermo Bend",443,438.2,"NE",4.80000000000001,7.72483200000002,NA,"lower",164,708.592402,0
"lower.165",349,9,57,"St. Joseph Bend",449.4,443.1,"NE",6.29999999999995,10.1388419999999,NA,"lower",165,718.731244,0
"lower.166",348,9,56,"Bon Ton Bend",451.7,449.5,"NE",2.19999999999999,3.54054799999998,NA,"lower",166,722.271792,0
"lower.167",347,9,55,"Amazonia Bend",454.9,451.8,"NE",3.09999999999997,4.98895399999995,NA,"lower",167,727.260746,0
"lower.168",346,9,54,"Burr Oak Band",458.8,455,"NE",3.80000000000001,6.11549200000002,NA,"lower",168,733.376238,0
"lower.169",345,9,53,"Mill Creek Bend",463,458.9,"NE",4.10000000000002,6.59829400000004,NA,"lower",169,739.974532,0
"lower.170",344,9,52,"Dallas Bends",467.1,463.1,"NE",4,6.43736,NA,"lower",170,746.411892,0
"lower.171",343,9,51,"Charleston Bend",469,467.2,"NE",1.80000000000001,2.89681200000002,NA,"lower",171,749.308704,0
"lower.172",342,9,50,"Mt. Vernon Bends",472.5,469.1,"NE",3.39999999999998,5.47175599999996,NA,"lower",172,754.78046,0
"lower.173",341,9,49,"Forbes Bends",477.7,472.6,"NE",5.09999999999997,8.20763399999995,NA,"lower",173,762.988094,0
"lower.174",340,9,48,"Wolf Creek Bend",480.9,477.8,"NE",3.09999999999997,4.98895399999995,NA,"lower",174,767.977048,0
"lower.175",339,9,47,"Tarkio Bend",483.4,481,"NE",2.39999999999998,3.86241599999996,NA,"lower",175,771.839464,0
"lower.176",338,9,46,"Iowa Point Bend",486,483.5,"NE",2.5,4.02335,NA,"lower",176,775.862814,0
"lower.177",337,9,45,"White Cloud Bends",489.8,486.1,"NE",3.69999999999999,5.95455799999998,NA,"lower",177,781.817372,0
"lower.178",336,9,44,"Squaw Bend",491.2,489.9,"NE",1.30000000000001,2.09214200000002,NA,"lower",178,783.909514,0
"lower.179",335,9,43,"Nemaha Bends",494.4,491.3,"NE",3.09999999999997,4.98895399999995,NA,"lower",179,788.898468,0
"lower.180",334,9,42,"Rulo Bend",498.6,494.5,"NE",4.10000000000002,6.59829400000004,NA,"lower",180,795.496762,0
"lower.181",333,9,41,"Lower Rush Bottom Bend",500.3,498.7,"NE",1.60000000000002,2.57494400000004,NA,"lower",181,798.071706,0
"lower.182",332,9,40,"Upper Rush Bottom Bend",501.8,500.4,"NE",1.40000000000003,2.25307600000005,NA,"lower",182,800.324782,0
"lower.183",331,9,39,"Lower Arago Bend",504.5,501.9,"NE",2.60000000000002,4.18428400000004,NA,"lower",183,804.509066,0
"lower.184",330,9,38,"Upper Arago Bend",506.9,504.6,"NE",2.29999999999995,3.70148199999993,NA,"lower",184,808.210548,0
"lower.185",329,9,37,"Lower Cottier Bend",508.4,507,"NE",1.39999999999998,2.25307599999996,NA,"lower",185,810.463624,0
"lower.186",328,9,36,"Upper Cottier Bend",512.5,508.5,"NE",4,6.43736,NA,"lower",186,816.900984,0
"lower.187",327,9,35,"Hemmies Bend",516,512.6,"NE",3.39999999999998,5.47175599999996,NA,"lower",187,822.37274,0
"lower.188",326,9,34,"Indian Cave Bend",517.6,516.1,"NE",1.5,2.41401,NA,"lower",188,824.78675,0
"lower.189",325,9,33,"Lower Deroin Bend",518.4,517.7,"NE",0.699999999999932,1.12653799999989,NA,"lower",189,825.913288,0
"lower.190",324,9,32,"Upper Deroin Bend",520.5,518.5,"NE",2,3.21868,NA,"lower",190,829.131968,0
"lower.191",323,9,31,"Lincoln Bend",522.4,520.6,"NE",1.79999999999995,2.89681199999993,NA,"lower",191,832.028779999999,0
"lower.192",322,9,30,"Lower Morgan Bend",523.9,522.5,"NE",1.39999999999998,2.25307599999996,NA,"lower",192,834.281855999999,0
"lower.193",321,9,29,"Upper Morgan Bend",526,524,"NE",2,3.21868,NA,"lower",193,837.500535999999,0
"lower.194",320,9,28,"Aspinwall Bend",529,526.1,"NE",2.89999999999998,4.66708599999996,NA,"lower",194,842.167621999999,0
"lower.195",319,9,27,"Langdon Bend",531.7,529.1,"NE",2.60000000000002,4.18428400000004,NA,"lower",195,846.351905999999,0
"lower.196",318,9,26,"Lower Brownville Bend",533.5,531.8,"NE",1.70000000000005,2.73587800000007,NA,"lower",196,849.087783999999,0
"lower.197",317,9,25,"Upper Brownville Bend",534.7,533.6,"NE",1.10000000000002,1.77027400000004,NA,"lower",197,850.858058,0
"lower.198",316,9,24,"Lower Sonara Bend",536.9,534.8,"NE",2.10000000000002,3.37961400000004,NA,"lower",198,854.237672,0
"lower.199",315,9,23,"Upper Sonara Bend",539.8,537,"NE",2.79999999999995,4.50615199999993,NA,"lower",199,858.743823999999,0
"lower.200",314,9,22,"Peru Bend",542,539.9,"NE",2.10000000000002,3.37961400000004,NA,"lower",200,862.123438,0
"lower.201",313,9,21,"Nishnabotna Bend",543.3,542.1,"NE",1.19999999999993,1.93120799999989,NA,"lower",201,864.054645999999,0
"lower.202",312,9,20,"Lower Kansas Bend",544.7,543.4,"NE",1.30000000000007,2.09214200000011,NA,"lower",202,866.146788,0
"lower.203",311,9,19,"Upper Kansas Bend",546.2,544.8,"NE",1.40000000000009,2.25307600000015,NA,"lower",203,868.399864,0
"lower.204",310,9,18,"Lower Barney Bend",549.6,546.3,"NE",3.30000000000007,5.31082200000011,NA,"lower",204,873.710686,0
"lower.205",309,9,17,"Upper Barney Bend",550.4,549.7,"NE",0.699999999999932,1.12653799999989,NA,"lower",205,874.837224,0
"lower.206",308,9,16,"Lower Hamburg Bend",553,550.5,"NE",2.5,4.02335,NA,"lower",206,878.860574,0
"lower.207",307,9,15,"Upper Hamburg Bend",554.9,553.1,"NE",1.79999999999995,2.89681199999993,NA,"lower",207,881.757386,0
"lower.208",306,9,14,"Otoe Bend",557,555,"NE",2,3.21868,NA,"lower",208,884.976066,0
"lower.209",305,9,13,"Frazers Bend",559.7,557.1,"NE",2.60000000000002,4.18428400000004,NA,"lower",209,889.16035,0
"lower.210",304,9,12,"Nebraska Bend",563,559.8,"NE",3.20000000000005,5.14988800000007,NA,"lower",210,894.310238,0
"lower.211",303,9,11,"Lower Copeland Bend",565,563.1,"NE",1.89999999999998,3.05774599999996,NA,"lower",211,897.367984,0
"lower.212",302,9,10,"Upper Copeland Bend",569.8,565.1,"NE",4.69999999999993,7.56389799999989,NA,"lower",212,904.931882,0
"lower.213",301,9,9,"Lower Civial Bend",572.5,569.9,"NE",2.60000000000002,4.18428400000004,NA,"lower",213,909.116166,0
"lower.214",300,9,8,"Upper Civil Bend",574.6,572.6,"NE",2,3.21868,NA,"lower",214,912.334846,0
"lower.215",299,9,7,"Van Horns Bend",576.4,574.7,"NE",1.69999999999993,2.73587799999989,NA,"lower",215,915.070723999999,0
"lower.216",298,9,6,"Pin Hook Bend",578.8,576.5,"NE",2.29999999999995,3.70148199999993,NA,"lower",216,918.772205999999,0
"lower.217",297,9,5,"Calumet Bartlett Bend",582.7,578.9,"NE",3.80000000000007,6.11549200000011,NA,"lower",217,924.887698,0
"lower.218",296,9,4,"Rock Bluff Bend",586,582.8,"NE",3.20000000000005,5.14988800000007,NA,"lower",218,930.037586,0
"lower.219",295,9,3,"Tobacco Bend",589,586.1,"NE",2.89999999999998,4.66708599999996,NA,"lower",219,934.704672,0
"lower.220",294,9,2,"Lower Plattsmouth Bend",591.7,589.1,"NE",2.60000000000002,4.18428400000004,NA,"lower",220,938.888956,0
"lower.221",293,9,1,"Upper Plattsmouth Bend",595,591.8,"NE",3.20000000000005,5.14988800000007,NA,"lower",221,944.038844,0
"lower.222",292,8,61,"Papillion Bend",596,595.1,"NE",0.899999999999977,1.44840599999996,NA,"lower",222,945.48725,0
"lower.223",291,8,60,"St. Mary's Cut-off",598,596.1,"NE",1.89999999999998,3.05774599999996,NA,"lower",223,948.544996,0
"lower.224",290,8,59,"Lower Bellevue Reach",599.3,598.1,"NE",1.19999999999993,1.93120799999989,NA,"lower",224,950.476203999999,0
"lower.225",289,8,58,"Upper Bellevue Reach",600.8,599.4,"NE",1.39999999999998,2.25307599999996,NA,"lower",225,952.729279999999,0
"lower.226",288,8,57,"Bellevue Bend",604.5,600.9,"NE",3.60000000000002,5.79362400000004,NA,"lower",226,958.522903999999,0
"lower.227",287,8,56,"Manawa Bend",608.8,604.6,"NE",4.19999999999993,6.75922799999989,NA,"lower",227,965.282131999999,0
"lower.228",286,8,55,"Gibson Bend",612.8,608.9,"NE",3.89999999999998,6.27642599999996,NA,"lower",228,971.558557999999,0
"lower.229",285,8,54,"Omaha Bend",614.6,612.9,"NE",1.70000000000005,2.73587800000007,NA,"lower",229,974.294435999999,0
"lower.230",284,8,53,"Council Bend",617.5,614.7,"NE",2.79999999999995,4.50615199999993,NA,"lower",230,978.800587999999,0
"lower.231",283,8,52,"The Narrows",622.8,617.6,"NE",5.19999999999993,8.36856799999989,NA,"lower",231,987.169155999999,0
"lower.232",282,8,51,"Florence Bend",627.8,622.9,"NE",4.89999999999998,7.88576599999996,NA,"lower",232,995.054921999999,0
"lower.233",281,8,50,"Lower Pigeon Creek Bend",629.7,627.9,"NE",1.80000000000007,2.89681200000011,NA,"lower",233,997.951733999999,0
"lower.234",280,8,49,"Upper Pigeon Creek Bend",631.1,629.8,"NE",1.30000000000007,2.09214200000011,NA,"lower",234,1000.043876,0
"lower.235",279,8,48,"Lower Rockport Bend",632.5,631.2,"NE",1.29999999999995,2.09214199999993,NA,"lower",235,1002.136018,0
"lower.236",278,8,47,"Upper Rockport Bend",634.1,632.6,"NE",1.5,2.41401,NA,"lower",236,1004.550028,0
"lower.237",277,8,46,"Boyer Bend",637.1,634.2,"NE",2.89999999999998,4.66708599999996,NA,"lower",237,1009.217114,0
"lower.238",276,8,45,"Lower Calhoun Bend",638.5,637.2,"NE",1.29999999999995,2.09214199999993,NA,"lower",238,1011.309256,0
"lower.239",275,8,44,"Middle Calhoun Bend",639.8,638.6,"NE",1.19999999999993,1.93120799999989,NA,"lower",239,1013.240464,0
"lower.240",274,8,43,"Upper Calhoun Bend",642,639.9,"NE",2.10000000000002,3.37961400000004,NA,"lower",240,1016.620078,0
"lower.241",273,8,42,"Desoto Cut-off",644.5,642.1,"NE",2.39999999999998,3.86241599999996,NA,"lower",241,1020.482494,0
"lower.242",272,8,41,"Blair-Desoto Bend",649.1,644.6,"NE",4.5,7.24203,NA,"lower",242,1027.724524,0
"lower.243",271,8,40,"California Cut-off",651.7,649.2,"NE",2.5,4.02335,NA,"lower",243,1031.747874,0
"lower.244",270,8,39,"Tysons Bend",654.8,651.8,"NE",3,4.82802,NA,"lower",244,1036.575894,0
"lower.245",269,8,38,"Sandy Point Bend",657.8,654.9,"NE",2.89999999999998,4.66708599999996,NA,"lower",245,1041.24298,0
"lower.246",268,8,37,"Peterson Cut-off",660.8,657.9,"NE",2.89999999999998,4.66708599999996,NA,"lower",246,1045.910066,0
"lower.247",267,8,36,"Soldier Bend",663.1,660.9,"NE",2.20000000000005,3.54054800000007,NA,"lower",247,1049.450614,0
"lower.248",266,8,35,"Bullard Bend",666.5,663.2,"NE",3.29999999999995,5.31082199999993,NA,"lower",248,1054.761436,0
"lower.249",265,8,34,"Little Sioux Bend",670.4,666.6,"NE",3.79999999999995,6.11549199999993,NA,"lower",249,1060.876928,0
"lower.250",264,8,33,"Lower Little Sioux Reach",672.8,670.5,"NE",2.29999999999995,3.70148199999993,NA,"lower",250,1064.57841,0
"lower.251",263,8,32,"Middle Little Sioux Reach",675,672.9,"NE",2.10000000000002,3.37961400000004,NA,"lower",251,1067.958024,0
"lower.252",262,8,31,"Upper Little Sioux Reach",676.7,675.1,"NE",1.60000000000002,2.57494400000004,NA,"lower",252,1070.532968,0
"lower.253",261,8,30,"Lower Blencoe Bend",677.9,676.8,"NE",1.10000000000002,1.77027400000004,NA,"lower",253,1072.303242,0
"lower.254",260,8,29,"Middle Blencoe Bend",679.9,678,"NE",1.89999999999998,3.05774599999996,NA,"lower",254,1075.360988,0
"lower.255",259,8,28,"Upper Blencoe Bend",681.2,680,"NE",1.20000000000005,1.93120800000007,NA,"lower",255,1077.292196,0
"lower.256",258,8,27,"Lower Louisville Bend",683.3,681.3,"NE",2,3.21868,NA,"lower",256,1080.510876,0
"lower.257",257,8,26,"Upper Louisville Bend",686,683.4,"NE",2.60000000000002,4.18428400000004,NA,"lower",257,1084.69516,0
"lower.258",256,8,25,"Lower Decatur Bend",687.4,686.1,"NE",1.29999999999995,2.09214199999993,NA,"lower",258,1086.787302,0
"lower.259",255,8,24,"Middle Decatur Bend",689,687.5,"NE",1.5,2.41401,NA,"lower",259,1089.201312,0
"lower.260",254,8,23,"Upper Decatur Bend",691.4,689.1,"NE",2.29999999999995,3.70148199999993,NA,"lower",260,1092.902794,0
"lower.261",253,8,22,"Tieville Bend",693.6,691.5,"NE",2.10000000000002,3.37961400000004,NA,"lower",261,1096.282408,0
"lower.262",252,8,21,"Blackbird Bend",697.5,693.7,"NE",3.79999999999995,6.11549199999993,NA,"lower",262,1102.3979,0
"lower.263",251,8,20,"Lower Monona Bend",700.9,697.6,"NE",3.29999999999995,5.31082199999993,NA,"lower",263,1107.708722,0
"lower.264",250,8,19,"Upper Monona Bend",702.6,701,"NE",1.60000000000002,2.57494400000004,NA,"lower",264,1110.283666,0
"lower.265",249,8,18,"Lower Omaha Mission Bend",704,702.7,"NE",1.29999999999995,2.09214199999993,NA,"lower",265,1112.375808,0
"lower.266",248,8,17,"Middle Omaha Mission Bend",706.3,704.1,"NE",2.19999999999993,3.54054799999989,NA,"lower",266,1115.916356,0
"lower.267",247,8,16,"Upper Omaha Mission Bend",708,706.4,"NE",1.60000000000002,2.57494400000004,NA,"lower",267,1118.4913,0
"lower.268",246,8,15,"Winnebago Bend",710.8,708.1,"NE",2.69999999999993,4.34521799999989,NA,"lower",268,1122.836518,0
"lower.269",245,8,14,"Glovers Point Bend",713.8,710.9,"NE",2.89999999999998,4.66708599999996,NA,"lower",269,1127.503604,0
"lower.270",244,8,13,"Snyder Bend",716.2,713.9,"NE",2.30000000000007,3.70148200000011,NA,"lower",270,1131.205086,0
"lower.271",243,8,12,"Browers Bend",718.6,716.3,"NE",2.30000000000007,3.70148200000011,NA,"lower",271,1134.906568,0
"lower.272",242,8,11,"Omadi Bend",722,718.7,"NE",3.29999999999995,5.31082199999993,NA,"lower",272,1140.21739,0
"lower.273",241,8,10,"Lower Dakota Bend",723.4,722.1,"NE",1.29999999999995,2.09214199999993,NA,"lower",273,1142.309532,0
"lower.274",240,8,9,"Upper Dakota Bend",726.2,723.5,"NE",2.70000000000005,4.34521800000007,NA,"lower",274,1146.65475,0
"lower.275",239,8,8,"Floyd Bend",732,726.3,"NE",5.70000000000005,9.17323800000007,NA,"lower",275,1155.827988,0
"lower.276",238,8,7,"Lower Sioux City Bend",732.8,732.1,"NE",0.699999999999932,1.12653799999989,NA,"lower",276,1156.954526,0
"lower.277",237,8,6,"Upper Sioux City Bend",734.7,732.9,"NE",1.80000000000007,2.89681200000011,NA,"lower",277,1159.851338,0
"lower.278",236,8,5,"Big Sioux Bend",738.4,734.8,"NE",3.60000000000002,5.79362400000004,NA,"lower",278,1165.644962,0
"lower.279",235,8,4,"McCook Lake Bend",742.4,738.5,"NE",3.89999999999998,6.27642599999996,NA,"lower",279,1171.921388,0
"lower.280",234,8,3,"Kenslers Bend",747,742.5,"NE",4.5,7.24203,NA,"lower",280,1179.163418,0
"lower.281",233,8,2,"Miners Bend",750.1,747.1,"NE",3,4.82802,NA,"lower",281,1183.991438,0
"lower.282",232,8,1,"Lower Ponca Bend",753,750.2,"NE",2.79999999999995,4.50615199999993,NA,"lower",282,1188.49759,0
"lower.283",557,7,33,NA,754,753.1,"SD",0.899999999999977,1.44840599999996,NA,"lower",283,1189.945996,0
"lower.284",554,7,32,NA,755.5,754.1,"SD",1.39999999999998,2.25307599999996,NA,"lower",284,1192.199072,0
"lower.285",553,7,31,NA,756,755.6,"SD",0.399999999999977,0.643735999999963,NA,"lower",285,1192.842808,0
"lower.286",552,7,30,NA,757.5,756.1,"SD",1.39999999999998,2.25307599999996,NA,"lower",286,1195.095884,0
"lower.287",551,7,29,NA,760,757.6,"SD",2.39999999999998,3.86241599999996,NA,"lower",287,1198.9583,0
"lower.288",550,7,28,NA,761,760.1,"SD",0.899999999999977,1.44840599999996,NA,"lower",288,1200.406706,0
"lower.289",549,7,27,NA,762,761.1,"SD",0.899999999999977,1.44840599999996,NA,"lower",289,1201.855112,0
"lower.290",548,7,26,NA,763.5,762.1,"SD",1.39999999999998,2.25307599999996,NA,"lower",290,1204.108188,0
"lower.291",547,7,25,NA,764.5,763.6,"SD",0.899999999999977,1.44840599999996,NA,"lower",291,1205.556594,0
"lower.292",546,7,24,NA,767,764.6,"SD",2.39999999999998,3.86241599999996,NA,"lower",292,1209.41901,0
"lower.293",545,7,23,NA,769,767.1,"SD",1.89999999999998,3.05774599999996,NA,"lower",293,1212.476756,0
"lower.294",544,7,22,NA,770,769.1,"SD",0.899999999999977,1.44840599999996,NA,"lower",294,1213.925162,0
"lower.295",543,7,21,NA,772.5,770.1,"SD",2.39999999999998,3.86241599999996,NA,"lower",295,1217.787578,0
"lower.296",542,7,20,NA,773.5,772.6,"SD",0.899999999999977,1.44840599999996,NA,"lower",296,1219.235984,0
"lower.297",541,7,19,NA,774,773.6,"SD",0.399999999999977,0.643735999999963,NA,"lower",297,1219.87972,0
"lower.298",540,7,18,NA,775.5,774.1,"SD",1.39999999999998,2.25307599999996,NA,"lower",298,1222.132796,0
"lower.299",539,7,17,NA,777.5,775.6,"SD",1.89999999999998,3.05774599999996,NA,"lower",299,1225.190542,0
"lower.300",538,7,16,NA,779.5,777.6,"SD",1.89999999999998,3.05774599999996,NA,"lower",300,1228.248288,0
"lower.301",558,7,34,NA,779,778.9,"SD",0.100000000000023,0.160934000000037,NA,"lower",301,1228.409222,0
"lower.302",537,7,15,NA,782.5,779.6,"SD",2.89999999999998,4.66708599999996,NA,"lower",302,1233.076308,0
"lower.303",535,7,14,NA,787.5,782.6,"SD",4.89999999999998,7.88576599999996,NA,"lower",303,1240.962074,0
"lower.304",534,7,13,NA,789,787.6,"SD",1.39999999999998,2.25307599999996,NA,"lower",304,1243.21515,0
"lower.305",533,7,12,NA,793,789.1,"SD",3.89999999999998,6.27642599999996,NA,"lower",305,1249.491576,0
"lower.306",532,7,11,NA,795,793.1,"SD",1.89999999999998,3.05774599999996,NA,"lower",306,1252.549322,0
"lower.307",531,7,10,NA,796.5,795.1,"SD",1.39999999999998,2.25307599999996,NA,"lower",307,1254.802398,0
"lower.308",530,7,9,NA,797.5,796.6,"SD",0.899999999999977,1.44840599999996,NA,"lower",308,1256.250804,0
"lower.309",529,7,8,NA,799.5,797.6,"SD",1.89999999999998,3.05774599999996,NA,"lower",309,1259.30855,0
"lower.310",528,7,7,NA,801,799.6,"SD",1.39999999999998,2.25307599999996,NA,"lower",310,1261.561626,0
"lower.311",527,7,6,NA,801.5,801.1,"SD",0.399999999999977,0.643735999999963,NA,"lower",311,1262.205362,0
"lower.312",526,7,5,NA,803.5,801.6,"SD",1.89999999999998,3.05774599999996,NA,"lower",312,1265.263108,0
"lower.313",525,7,4,NA,805.5,803.6,"SD",1.89999999999998,3.05774599999996,NA,"lower",313,1268.320854,0
"lower.314",524,7,3,NA,807.5,805.6,"SD",1.89999999999998,3.05774599999996,NA,"lower",314,1271.3786,0
"lower.315",523,7,2,NA,809.9,807.6,"SD",2.29999999999995,3.70148199999993,NA,"lower",315,1275.080082,0
"lower.316",522,7,1,NA,811,810,"SD",1,1.60934,NA,"lower",316,1276.689422,0
"upper.317",203,4,24,NA,1534,1530,"ND",4,6.43736,NA,"upper",317,6.43736,0
"upper.318",202,4,23,NA,1538.8,1534.1,"ND",4.70000000000005,7.56389800000007,NA,"upper",318,14.0012580000001,0
"upper.319",201,4,22,NA,1540.2,1538.9,"ND",1.29999999999995,2.09214199999993,NA,"upper",319,16.0934,0
"upper.320",200,4,21,NA,1541.2,1540.3,"ND",0.900000000000091,1.44840600000015,NA,"upper",320,17.5418060000001,0
"upper.321",199,4,20,NA,1544.5,1541.3,"ND",3.20000000000005,5.14988800000007,NA,"upper",321,22.6916940000002,0
"upper.322",198,4,19,NA,1548.3,1544.6,"ND",3.70000000000005,5.95455800000007,NA,"upper",322,28.6462520000003,0
"upper.323",197,4,18,NA,1549.2,1548.4,"ND",0.799999999999955,1.28747199999993,NA,"upper",323,29.9337240000002,0
"upper.324",196,4,17,NA,1551.3,1549.3,"ND",2,3.21868,NA,"upper",324,33.1524040000002,0
"upper.325",195,4,16,NA,1553.1,1551.4,"ND",1.69999999999982,2.73587799999971,NA,"upper",325,35.8882819999999,0
"upper.326",194,4,15,NA,1555.8,1553.2,"ND",2.59999999999991,4.18428399999985,NA,"upper",326,40.0725659999998,0
"upper.327",193,4,14,NA,1558,1555.9,"ND",2.09999999999991,3.37961399999985,NA,"upper",327,43.4521799999996,0
"upper.328",192,4,13,NA,1560.3,1558.1,"ND",2.20000000000005,3.54054800000007,NA,"upper",328,46.9927279999997,0
"upper.329",191,4,12,NA,1562.3,1560.4,"ND",1.89999999999986,3.05774599999978,NA,"upper",329,50.0504739999995,0
"upper.330",190,4,11,NA,1563.2,1562.4,"ND",0.799999999999955,1.28747199999993,NA,"upper",330,51.3379459999994,0
"upper.331",189,4,10,NA,1565.5,1563.3,"ND",2.20000000000005,3.54054800000007,NA,"upper",331,54.8784939999995,0
"upper.332",188,4,9,NA,1567.2,1565.6,"ND",1.60000000000014,2.57494400000022,NA,"upper",332,57.4534379999997,0
"upper.333",187,4,8,NA,1569.1,1567.3,"ND",1.79999999999995,2.89681199999993,NA,"upper",333,60.3502499999996,0
"upper.334",186,4,7,NA,1574.2,1569.2,"ND",5,8.0467,NA,"upper",334,68.3969499999996,0
"upper.335",185,4,6,NA,1574.9,1574.3,"ND",0.600000000000136,0.96560400000022,NA,"upper",335,69.3625539999998,0
"upper.336",184,4,5,NA,1575.8,1575,"ND",0.799999999999955,1.28747199999993,NA,"upper",336,70.6500259999998,0
"upper.337",183,4,4,NA,1577,1575.9,"ND",1.09999999999991,1.77027399999985,NA,"upper",337,72.4202999999996,0
"upper.338",182,4,3,NA,1578.6,1577.1,"ND",1.5,2.41401,NA,"upper",338,74.8343099999996,0
"upper.339",181,4,2,NA,1580.8,1578.7,"ND",2.09999999999991,3.37961399999985,NA,"upper",339,78.2139239999995,0
"upper.340",180,4,1,NA,1582.1,1580.9,"ND",1.19999999999982,1.93120799999971,NA,"upper",340,80.1451319999992,0
"upper.341",179,3,91,NA,1583.5,1582.2,"ND",1.29999999999995,2.09214199999993,NA,"upper",341,82.2372739999991,0
"upper.342",178,3,90,NA,1585.5,1583.6,"ND",1.90000000000009,3.05774600000015,NA,"upper",342,85.2950199999993,0
"upper.343",177,3,89,NA,1587,1585.6,"MT",1.40000000000009,2.25307600000015,NA,"upper",343,87.5480959999994,0
"upper.344",176,3,88,NA,1588.5,1587.1,"MT",1.40000000000009,2.25307600000015,NA,"upper",344,89.8011719999996,0
"upper.345",175,3,87,NA,1589.5,1588.6,"MT",0.900000000000091,1.44840600000015,NA,"upper",345,91.2495779999997,0
"upper.346",174,3,86,NA,1590.5,1589.6,"MT",0.900000000000091,1.44840600000015,NA,"upper",346,92.6979839999998,0
"upper.347",173,3,85,NA,1591,1590.6,"MT",0.400000000000091,0.643736000000146,NA,"upper",347,93.34172,0
"upper.348",172,3,84,NA,1592,1591.1,"MT",0.900000000000091,1.44840600000015,NA,"upper",348,94.7901260000001,0
"upper.349",171,3,83,NA,1593,1592.1,"MT",0.900000000000091,1.44840600000015,NA,"upper",349,96.2385320000003,0
"upper.350",170,3,82,NA,1594,1593.1,"MT",0.900000000000091,1.44840600000015,NA,"upper",350,97.6869380000004,0
"upper.351",169,3,81,NA,1595,1594.1,"MT",0.900000000000091,1.44840600000015,NA,"upper",351,99.1353440000006,0
"upper.352",168,3,80,NA,1596,1595.1,"MT",0.900000000000091,1.44840600000015,NA,"upper",352,100.583750000001,0
"upper.353",167,3,79,NA,1597.5,1596.1,"MT",1.40000000000009,2.25307600000015,NA,"upper",353,102.836826000001,0
"upper.354",166,3,78,NA,1598.5,1597.6,"MT",0.900000000000091,1.44840600000015,NA,"upper",354,104.285232000001,0
"upper.355",165,3,77,NA,1603,1598.6,"MT",4.40000000000009,7.08109600000015,NA,"upper",355,111.366328000001,0
"upper.356",164,3,76,NA,1604.5,1603.1,"MT",1.40000000000009,2.25307600000015,NA,"upper",356,113.619404000001,0
"upper.357",163,3,75,NA,1606.5,1604.6,"MT",1.90000000000009,3.05774600000015,NA,"upper",357,116.677150000001,0
"upper.358",162,3,74,NA,1608.5,1606.6,"MT",1.90000000000009,3.05774600000015,NA,"upper",358,119.734896000002,0
"upper.359",161,3,73,NA,1610,1608.6,"MT",1.40000000000009,2.25307600000015,NA,"upper",359,121.987972000002,0
"upper.360",160,3,72,NA,1611,1610.1,"MT",0.900000000000091,1.44840600000015,NA,"upper",360,123.436378000002,0
"upper.361",159,3,71,NA,1612,1611.1,"MT",0.900000000000091,1.44840600000015,NA,"upper",361,124.884784000002,0
"upper.362",158,3,70,NA,1613.5,1612.1,"MT",1.40000000000009,2.25307600000015,NA,"upper",362,127.137860000002,0
"upper.363",157,3,69,NA,1615,1613.6,"MT",1.40000000000009,2.25307600000015,NA,"upper",363,129.390936000002,0
"upper.364",156,3,68,NA,1616.5,1615.1,"MT",1.40000000000009,2.25307600000015,NA,"upper",364,131.644012000002,0
"upper.365",155,3,67,NA,1617.5,1616.6,"MT",0.900000000000091,1.44840600000015,NA,"upper",365,133.092418000003,0
"upper.366",154,3,66,NA,1618.5,1617.6,"MT",0.900000000000091,1.44840600000015,NA,"upper",366,134.540824000003,0
"upper.367",153,3,65,NA,1619.5,1618.6,"MT",0.900000000000091,1.44840600000015,NA,"upper",367,135.989230000003,0
"upper.368",152,3,64,NA,1620.5,1619.6,"MT",0.900000000000091,1.44840600000015,NA,"upper",368,137.437636000003,0
"upper.369",151,3,63,NA,1622,1620.6,"MT",1.40000000000009,2.25307600000015,NA,"upper",369,139.690712000003,0
"upper.370",150,3,62,NA,1623,1622.1,"MT",0.900000000000091,1.44840600000015,NA,"upper",370,141.139118000003,0
"upper.371",149,3,61,NA,1624,1623.1,"MT",0.900000000000091,1.44840600000015,NA,"upper",371,142.587524000003,0
"upper.372",148,3,60,NA,1625.5,1624.1,"MT",1.40000000000009,2.25307600000015,NA,"upper",372,144.840600000004,0
"upper.373",147,3,59,NA,1627,1625.6,"MT",1.40000000000009,2.25307600000015,NA,"upper",373,147.093676000004,0
"upper.374",146,3,58,NA,1628.5,1627.1,"MT",1.40000000000009,2.25307600000015,NA,"upper",374,149.346752000004,0
"upper.375",145,3,57,NA,1629.5,1628.6,"MT",0.900000000000091,1.44840600000015,NA,"upper",375,150.795158000004,0
"upper.376",144,3,56,NA,1630.5,1629.6,"MT",0.900000000000091,1.44840600000015,NA,"upper",376,152.243564000004,0
"upper.377",143,3,55,NA,1631.5,1630.6,"MT",0.900000000000091,1.44840600000015,NA,"upper",377,153.691970000004,0
"upper.378",142,3,54,NA,1632.5,1631.6,"MT",0.900000000000091,1.44840600000015,NA,"upper",378,155.140376000005,0
"upper.379",141,3,53,NA,1633.5,1632.6,"MT",0.900000000000091,1.44840600000015,NA,"upper",379,156.588782000005,0
"upper.380",140,3,52,NA,1634.5,1633.6,"MT",0.900000000000091,1.44840600000015,NA,"upper",380,158.037188000005,0
"upper.381",139,3,51,NA,1635.5,1634.6,"MT",0.900000000000091,1.44840600000015,NA,"upper",381,159.485594000005,0
"upper.382",138,3,50,NA,1636.5,1635.6,"MT",0.900000000000091,1.44840600000015,NA,"upper",382,160.934000000005,0
"upper.383",137,3,49,NA,1637.5,1636.6,"MT",0.900000000000091,1.44840600000015,NA,"upper",383,162.382406000005,0
"upper.384",136,3,48,NA,1638.5,1637.6,"MT",0.900000000000091,1.44840600000015,NA,"upper",384,163.830812000005,0
"upper.385",135,3,47,NA,1639.5,1638.6,"MT",0.900000000000091,1.44840600000015,NA,"upper",385,165.279218000006,0
"upper.386",134,3,46,NA,1640.5,1639.6,"MT",0.900000000000091,1.44840600000015,NA,"upper",386,166.727624000006,0
"upper.387",133,3,45,NA,1641.5,1640.6,"MT",0.900000000000091,1.44840600000015,NA,"upper",387,168.176030000006,0
"upper.388",132,3,44,NA,1643,1641.6,"MT",1.40000000000009,2.25307600000015,NA,"upper",388,170.429106000006,0
"upper.389",131,3,43,NA,1644.5,1643.1,"MT",1.40000000000009,2.25307600000015,NA,"upper",389,172.682182000006,0
"upper.390",130,3,42,NA,1646,1644.6,"MT",1.40000000000009,2.25307600000015,NA,"upper",390,174.935258000006,0
"upper.391",129,3,41,NA,1647,1646.1,"MT",0.900000000000091,1.44840600000015,NA,"upper",391,176.383664000006,0
"upper.392",128,3,40,NA,1648.5,1647.1,"MT",1.40000000000009,2.25307600000015,NA,"upper",392,178.636740000007,0
"upper.393",127,3,39,NA,1650,1648.6,"MT",1.40000000000009,2.25307600000015,NA,"upper",393,180.889816000007,0
"upper.394",126,3,38,NA,1651,1650.1,"MT",0.900000000000091,1.44840600000015,NA,"upper",394,182.338222000007,0
"upper.395",125,3,37,NA,1653,1651.1,"MT",1.90000000000009,3.05774600000015,NA,"upper",395,185.395968000007,0
"upper.396",124,3,36,NA,1654,1653.1,"MT",0.900000000000091,1.44840600000015,NA,"upper",396,186.844374000007,0
"upper.397",123,3,35,NA,1655,1654.1,"MT",0.900000000000091,1.44840600000015,NA,"upper",397,188.292780000007,0
"upper.398",122,3,34,NA,1656,1655.1,"MT",0.900000000000091,1.44840600000015,NA,"upper",398,189.741186000007,0
"upper.399",121,3,33,NA,1657,1656.1,"MT",0.900000000000091,1.44840600000015,NA,"upper",399,191.189592000008,0
"upper.400",120,3,32,NA,1659,1657.1,"MT",1.90000000000009,3.05774600000015,NA,"upper",400,194.247338000008,0
"upper.401",119,3,31,NA,1660,1659.1,"MT",0.900000000000091,1.44840600000015,NA,"upper",401,195.695744000008,0
"upper.402",118,3,30,NA,1661.5,1660.1,"MT",1.40000000000009,2.25307600000015,NA,"upper",402,197.948820000008,0
"upper.403",117,3,29,NA,1663,1661.6,"MT",1.40000000000009,2.25307600000015,NA,"upper",403,200.201896000008,0
"upper.404",116,3,28,NA,1664,1663.1,"MT",0.900000000000091,1.44840600000015,NA,"upper",404,201.650302000008,0
"upper.405",115,3,27,NA,1665,1664.1,"MT",0.900000000000091,1.44840600000015,NA,"upper",405,203.098708000008,0
"upper.406",114,3,26,NA,1666,1665.1,"MT",0.900000000000091,1.44840600000015,NA,"upper",406,204.547114000009,0
"upper.407",113,3,25,NA,1667,1666.1,"MT",0.900000000000091,1.44840600000015,NA,"upper",407,205.995520000009,0
"upper.408",112,3,24,NA,1668.5,1667.1,"MT",1.40000000000009,2.25307600000015,NA,"upper",408,208.248596000009,0
"upper.409",111,3,23,NA,1670,1668.6,"MT",1.40000000000009,2.25307600000015,NA,"upper",409,210.501672000009,0
"upper.410",110,3,22,NA,1671,1670.1,"MT",0.900000000000091,1.44840600000015,NA,"upper",410,211.950078000009,0
"upper.411",109,3,21,NA,1672.5,1671.1,"MT",1.40000000000009,2.25307600000015,NA,"upper",411,214.203154000009,0
"upper.412",108,3,20,NA,1674,1672.6,"MT",1.40000000000009,2.25307600000015,NA,"upper",412,216.456230000009,0
"upper.413",107,3,19,NA,1675.5,1674.1,"MT",1.40000000000009,2.25307600000015,NA,"upper",413,218.70930600001,0
"upper.414",106,3,18,NA,1677,1675.6,"MT",1.40000000000009,2.25307600000015,NA,"upper",414,220.96238200001,0
"upper.415",105,3,17,NA,1678.5,1677.1,"MT",1.40000000000009,2.25307600000015,NA,"upper",415,223.21545800001,0
"upper.416",104,3,16,NA,1680,1678.6,"MT",1.40000000000009,2.25307600000015,NA,"upper",416,225.46853400001,0
"upper.417",103,3,15,NA,1681.5,1680.1,"MT",1.40000000000009,2.25307600000015,NA,"upper",417,227.72161000001,0
"upper.418",102,3,14,NA,1683,1681.6,"MT",1.40000000000009,2.25307600000015,NA,"upper",418,229.97468600001,0
"upper.419",101,3,13,NA,1684.5,1683.1,"MT",1.40000000000009,2.25307600000015,NA,"upper",419,232.227762000011,0
"upper.420",100,3,12,NA,1685.5,1684.6,"MT",0.900000000000091,1.44840600000015,NA,"upper",420,233.676168000011,0
"upper.421",99,3,11,NA,1687.5,1685.6,"MT",1.90000000000009,3.05774600000015,NA,"upper",421,236.733914000011,0
"upper.422",98,3,10,NA,1689,1687.6,"MT",1.40000000000009,2.25307600000015,NA,"upper",422,238.986990000011,0
"upper.423",97,3,9,NA,1690.5,1689.1,"MT",1.40000000000009,2.25307600000015,NA,"upper",423,241.240066000011,0
"upper.424",96,3,8,NA,1692,1690.6,"MT",1.40000000000009,2.25307600000015,NA,"upper",424,243.493142000011,0
"upper.425",95,3,7,NA,1693.5,1692.1,"MT",1.40000000000009,2.25307600000015,NA,"upper",425,245.746218000011,0
"upper.426",94,3,6,NA,1695,1693.6,"MT",1.40000000000009,2.25307600000015,NA,"upper",426,247.999294000012,0
"upper.427",93,3,5,NA,1696,1695.1,"MT",0.900000000000091,1.44840600000015,NA,"upper",427,249.447700000012,0
"upper.428",92,3,4,NA,1697.5,1696.1,"MT",1.40000000000009,2.25307600000015,NA,"upper",428,251.700776000012,0
"upper.429",91,3,3,NA,1698.5,1697.6,"MT",0.900000000000091,1.44840600000015,NA,"upper",429,253.149182000012,0
"upper.430",90,3,2,NA,1700,1698.6,"MT",1.40000000000009,2.25307600000015,NA,"upper",430,255.402258000012,0
"upper.431",89,3,1,NA,1701.5,1700.1,"MT",1.40000000000009,2.25307600000015,NA,"upper",431,257.655334000012,0
"upper.432",88,2,40,NA,1703,1701.6,"MT",1.40000000000009,2.25307600000015,NA,"upper",432,259.908410000012,0
"upper.433",87,2,39,NA,1704.5,1703.1,"MT",1.40000000000009,2.25307600000015,NA,"upper",433,262.161486000013,0
"upper.434",86,2,38,NA,1705.5,1704.6,"MT",0.900000000000091,1.44840600000015,NA,"upper",434,263.609892000013,0
"upper.435",85,2,37,NA,1706.5,1705.6,"MT",0.900000000000091,1.44840600000015,NA,"upper",435,265.058298000013,0
"upper.436",84,2,36,NA,1707.5,1706.6,"MT",0.900000000000091,1.44840600000015,NA,"upper",436,266.506704000013,0
"upper.437",83,2,35,NA,1709,1707.6,"MT",1.40000000000009,2.25307600000015,NA,"upper",437,268.759780000013,0
"upper.438",82,2,34,NA,1710,1709.1,"MT",0.900000000000091,1.44840600000015,NA,"upper",438,270.208186000013,0
"upper.439",81,2,33,NA,1710.5,1710.1,"MT",0.400000000000091,0.643736000000146,NA,"upper",439,270.851922000013,0
"upper.440",80,2,32,NA,1712,1710.6,"MT",1.40000000000009,2.25307600000015,NA,"upper",440,273.104998000014,0
"upper.441",79,2,31,NA,1714,1712.1,"MT",1.90000000000009,3.05774600000015,NA,"upper",441,276.162744000014,0
"upper.442",78,2,30,NA,1716,1714.1,"MT",1.90000000000009,3.05774600000015,NA,"upper",442,279.220490000014,0
"upper.443",77,2,29,NA,1717.5,1716.1,"MT",1.40000000000009,2.25307600000015,NA,"upper",443,281.473566000014,0
"upper.444",76,2,28,NA,1719,1717.6,"MT",1.40000000000009,2.25307600000015,NA,"upper",444,283.726642000014,0
"upper.445",75,2,27,NA,1720,1719.1,"MT",0.900000000000091,1.44840600000015,NA,"upper",445,285.175048000014,0
"upper.446",74,2,26,NA,1722,1720.1,"MT",1.90000000000009,3.05774600000015,NA,"upper",446,288.232794000015,0
"upper.447",73,2,25,NA,1723.5,1722.1,"MT",1.40000000000009,2.25307600000015,NA,"upper",447,290.485870000015,0
"upper.448",72,2,24,NA,1725.5,1723.6,"MT",1.90000000000009,3.05774600000015,NA,"upper",448,293.543616000015,0
"upper.449",71,2,23,NA,1726.5,1725.6,"MT",0.900000000000091,1.44840600000015,NA,"upper",449,294.992022000015,0
"upper.450",70,2,22,NA,1727.5,1726.6,"MT",0.900000000000091,1.44840600000015,NA,"upper",450,296.440428000015,0
"upper.451",69,2,21,NA,1728.5,1727.6,"MT",0.900000000000091,1.44840600000015,NA,"upper",451,297.888834000015,0
"upper.452",68,2,20,NA,1730.5,1728.6,"MT",1.90000000000009,3.05774600000015,NA,"upper",452,300.946580000015,0
"upper.453",67,2,19,NA,1732,1730.6,"MT",1.40000000000009,2.25307600000015,NA,"upper",453,303.199656000016,0
"upper.454",66,2,18,NA,1733,1732.1,"MT",0.900000000000091,1.44840600000015,NA,"upper",454,304.648062000016,0
"upper.455",65,2,17,NA,1735,1733.1,"MT",1.90000000000009,3.05774600000015,NA,"upper",455,307.705808000016,0
"upper.456",64,2,16,NA,1736.5,1735.1,"MT",1.40000000000009,2.25307600000015,NA,"upper",456,309.958884000016,0
"upper.457",63,2,15,NA,1738,1736.6,"MT",1.40000000000009,2.25307600000015,NA,"upper",457,312.211960000016,0
"upper.458",62,2,14,NA,1740,1738.1,"MT",1.90000000000009,3.05774600000015,NA,"upper",458,315.269706000016,0
"upper.459",61,2,13,NA,1741.5,1740.1,"MT",1.40000000000009,2.25307600000015,NA,"upper",459,317.522782000016,0
"upper.460",60,2,12,NA,1744,1741.6,"MT",2.40000000000009,3.86241600000015,NA,"upper",460,321.385198000017,0
"upper.461",59,2,11,NA,1745,1744.1,"MT",0.900000000000091,1.44840600000015,NA,"upper",461,322.833604000017,0
"upper.462",58,2,10,NA,1747,1745.1,"MT",1.90000000000009,3.05774600000015,NA,"upper",462,325.891350000017,0
"upper.463",57,2,9,NA,1749.5,1747.1,"MT",2.40000000000009,3.86241600000015,NA,"upper",463,329.753766000017,0
"upper.464",56,2,8,NA,1751,1749.6,"MT",1.40000000000009,2.25307600000015,NA,"upper",464,332.006842000017,0
"upper.465",55,2,7,NA,1753,1751.1,"MT",1.90000000000009,3.05774600000015,NA,"upper",465,335.064588000017,0
"upper.466",54,2,6,NA,1754.5,1753.1,"MT",1.40000000000009,2.25307600000015,NA,"upper",466,337.317664000017,0
"upper.467",53,2,5,NA,1756,1754.6,"MT",1.40000000000009,2.25307600000015,NA,"upper",467,339.570740000018,0
"upper.468",52,2,4,NA,1757.5,1756.1,"MT",1.40000000000009,2.25307600000015,NA,"upper",468,341.823816000018,0
"upper.469",51,2,3,NA,1759,1757.6,"MT",1.40000000000009,2.25307600000015,NA,"upper",469,344.076892000018,0
"upper.470",50,2,2,NA,1760,1759.1,"MT",0.900000000000091,1.44840600000015,NA,"upper",470,345.525298000018,0
"upper.471",49,2,1,NA,1761,1760.1,"MT",0.900000000000091,1.44840600000015,NA,"upper",471,346.973704000018,0
"upper.472",48,1,1,NA,1766,1761.1,"MT",4.90000000000009,7.88576600000015,NA,"upper",472,354.859470000018,0
