"","recruitmentLevel_bin","p_bin","prop","nocc_bin","0-0.5","0.5-0.8","0.8-1"
"1","1-30","0-0.02",0.05,"2-3",1,0,0
"2","1-30","0-0.02",0.05,"3-4",1,0,0
"3","1-30","0-0.02",0.05,"4-5",1,0,0
"4","1-30","0-0.02",0.05,"5-10",1,0,0
"5","1-30","0-0.02",0.05,"10-20",1,0,0
"6","1-30","0-0.02",0.05,"20-30",1,0,0
"7","1-30","0-0.02",0.05,"30-40",1,0,0
"8","1-30","0-0.02",0.05,"40-50",1,0,0
"9","1-30","0-0.02",0.1,"2-3",1,0,0
"10","1-30","0-0.02",0.1,"3-4",1,0,0
"11","1-30","0-0.02",0.1,"4-5",1,0,0
"12","1-30","0-0.02",0.1,"5-10",1,0,0
"13","1-30","0-0.02",0.1,"10-20",1,0,0
"14","1-30","0-0.02",0.1,"20-30",1,0,0
"15","1-30","0-0.02",0.1,"30-40",1,0,0
"16","1-30","0-0.02",0.1,"40-50",1,0,0
"17","1-30","0-0.02",0.15,"2-3",1,0,0
"18","1-30","0-0.02",0.15,"3-4",1,0,0
"19","1-30","0-0.02",0.15,"4-5",1,0,0
"20","1-30","0-0.02",0.15,"5-10",1,0,0
"21","1-30","0-0.02",0.15,"10-20",1,0,0
"22","1-30","0-0.02",0.15,"20-30",1,0,0
"23","1-30","0-0.02",0.15,"30-40",1,0,0
"24","1-30","0-0.02",0.15,"40-50",1,0,0
"25","1-30","0-0.02",0.2,"2-3",1,0,0
"26","1-30","0-0.02",0.2,"3-4",1,0,0
"27","1-30","0-0.02",0.2,"4-5",1,0,0
"28","1-30","0-0.02",0.2,"5-10",1,0,0
"29","1-30","0-0.02",0.2,"10-20",1,0,0
"30","1-30","0-0.02",0.2,"20-30",1,0,0
"31","1-30","0-0.02",0.2,"30-40",1,0,0
"32","1-30","0-0.02",0.2,"40-50",1,0,0
"33","1-30","0-0.02",0.25,"2-3",1,0,0
"34","1-30","0-0.02",0.25,"3-4",1,0,0
"35","1-30","0-0.02",0.25,"4-5",1,0,0
"36","1-30","0-0.02",0.25,"5-10",1,0,0
"37","1-30","0-0.02",0.25,"10-20",1,0,0
"38","1-30","0-0.02",0.25,"20-30",1,0,0
"39","1-30","0-0.02",0.25,"30-40",1,0,0
"40","1-30","0-0.02",0.25,"40-50",1,0,0
"41","1-30","0.02-0.04",0.05,"2-3",1,0,0
"42","1-30","0.02-0.04",0.05,"3-4",1,0,0
"43","1-30","0.02-0.04",0.05,"4-5",1,0,0
"44","1-30","0.02-0.04",0.05,"5-10",1,0,0
"45","1-30","0.02-0.04",0.05,"10-20",1,0,0
"46","1-30","0.02-0.04",0.05,"20-30",1,0,0
"47","1-30","0.02-0.04",0.05,"30-40",1,0,0
"48","1-30","0.02-0.04",0.05,"40-50",1,0,0
"49","1-30","0.02-0.04",0.1,"2-3",1,0,0
"50","1-30","0.02-0.04",0.1,"3-4",1,0,0
"51","1-30","0.02-0.04",0.1,"4-5",1,0,0
"52","1-30","0.02-0.04",0.1,"5-10",1,0,0
"53","1-30","0.02-0.04",0.1,"10-20",1,0,0
"54","1-30","0.02-0.04",0.1,"20-30",1,0,0
"55","1-30","0.02-0.04",0.1,"30-40",1,0,0
"56","1-30","0.02-0.04",0.1,"40-50",1,0,0
"57","1-30","0.02-0.04",0.15,"2-3",1,0,0
"58","1-30","0.02-0.04",0.15,"3-4",1,0,0
"59","1-30","0.02-0.04",0.15,"4-5",1,0,0
"60","1-30","0.02-0.04",0.15,"5-10",1,0,0
"61","1-30","0.02-0.04",0.15,"10-20",1,0,0
"62","1-30","0.02-0.04",0.15,"20-30",1,0,0
"63","1-30","0.02-0.04",0.15,"30-40",1,0,0
"64","1-30","0.02-0.04",0.15,"40-50",1,0,0
"65","1-30","0.02-0.04",0.2,"2-3",1,0,0
"66","1-30","0.02-0.04",0.2,"3-4",1,0,0
"67","1-30","0.02-0.04",0.2,"4-5",1,0,0
"68","1-30","0.02-0.04",0.2,"5-10",1,0,0
"69","1-30","0.02-0.04",0.2,"10-20",1,0,0
"70","1-30","0.02-0.04",0.2,"20-30",1,0,0
"71","1-30","0.02-0.04",0.2,"30-40",1,0,0
"72","1-30","0.02-0.04",0.2,"40-50",1,0,0
"73","1-30","0.02-0.04",0.25,"2-3",1,0,0
"74","1-30","0.02-0.04",0.25,"3-4",1,0,0
"75","1-30","0.02-0.04",0.25,"4-5",1,0,0
"76","1-30","0.02-0.04",0.25,"5-10",1,0,0
"77","1-30","0.02-0.04",0.25,"10-20",1,0,0
"78","1-30","0.02-0.04",0.25,"20-30",1,0,0
"79","1-30","0.02-0.04",0.25,"30-40",1,0,0
"80","1-30","0.02-0.04",0.25,"40-50",1,0,0
"81","1-30","0.04-0.06",0.05,"2-3",1,0,0
"82","1-30","0.04-0.06",0.05,"3-4",1,0,0
"83","1-30","0.04-0.06",0.05,"4-5",1,0,0
"84","1-30","0.04-0.06",0.05,"5-10",1,0,0
"85","1-30","0.04-0.06",0.05,"10-20",1,0,0
"86","1-30","0.04-0.06",0.05,"20-30",1,0,0
"87","1-30","0.04-0.06",0.05,"30-40",1,0,0
"88","1-30","0.04-0.06",0.05,"40-50",1,0,0
"89","1-30","0.04-0.06",0.1,"2-3",1,0,0
"90","1-30","0.04-0.06",0.1,"3-4",1,0,0
"91","1-30","0.04-0.06",0.1,"4-5",1,0,0
"92","1-30","0.04-0.06",0.1,"5-10",1,0,0
"93","1-30","0.04-0.06",0.1,"10-20",1,0,0
"94","1-30","0.04-0.06",0.1,"20-30",1,0,0
"95","1-30","0.04-0.06",0.1,"30-40",1,0,0
"96","1-30","0.04-0.06",0.1,"40-50",1,0,0
"97","1-30","0.04-0.06",0.15,"2-3",1,0,0
"98","1-30","0.04-0.06",0.15,"3-4",1,0,0
"99","1-30","0.04-0.06",0.15,"4-5",1,0,0
"100","1-30","0.04-0.06",0.15,"5-10",1,0,0
"101","1-30","0.04-0.06",0.15,"10-20",1,0,0
"102","1-30","0.04-0.06",0.15,"20-30",1,0,0
"103","1-30","0.04-0.06",0.15,"30-40",1,0,0
"104","1-30","0.04-0.06",0.15,"40-50",1,0,0
"105","1-30","0.04-0.06",0.2,"2-3",1,0,0
"106","1-30","0.04-0.06",0.2,"3-4",1,0,0
"107","1-30","0.04-0.06",0.2,"4-5",1,0,0
"108","1-30","0.04-0.06",0.2,"5-10",1,0,0
"109","1-30","0.04-0.06",0.2,"10-20",1,0,0
"110","1-30","0.04-0.06",0.2,"20-30",1,0,0
"111","1-30","0.04-0.06",0.2,"30-40",1,0,0
"112","1-30","0.04-0.06",0.2,"40-50",1,0,0
"113","1-30","0.04-0.06",0.25,"2-3",1,0,0
"114","1-30","0.04-0.06",0.25,"3-4",1,0,0
"115","1-30","0.04-0.06",0.25,"4-5",1,0,0
"116","1-30","0.04-0.06",0.25,"5-10",1,0,0
"117","1-30","0.04-0.06",0.25,"10-20",1,0,0
"118","1-30","0.04-0.06",0.25,"20-30",1,0,0
"119","1-30","0.04-0.06",0.25,"30-40",1,0,0
"120","1-30","0.04-0.06",0.25,"40-50",1,0,0
"121","1-30","0.06-0.08",0.05,"2-3",1,0,0
"122","1-30","0.06-0.08",0.05,"3-4",1,0,0
"123","1-30","0.06-0.08",0.05,"4-5",1,0,0
"124","1-30","0.06-0.08",0.05,"5-10",1,0,0
"125","1-30","0.06-0.08",0.05,"10-20",1,0,0
"126","1-30","0.06-0.08",0.05,"20-30",1,0,0
"127","1-30","0.06-0.08",0.05,"30-40",1,0,0
"128","1-30","0.06-0.08",0.05,"40-50",1,0,0
"129","1-30","0.06-0.08",0.1,"2-3",1,0,0
"130","1-30","0.06-0.08",0.1,"3-4",1,0,0
"131","1-30","0.06-0.08",0.1,"4-5",1,0,0
"132","1-30","0.06-0.08",0.1,"5-10",1,0,0
"133","1-30","0.06-0.08",0.1,"10-20",1,0,0
"134","1-30","0.06-0.08",0.1,"20-30",1,0,0
"135","1-30","0.06-0.08",0.1,"30-40",1,0,0
"136","1-30","0.06-0.08",0.1,"40-50",1,0,0
"137","1-30","0.06-0.08",0.15,"2-3",1,0,0
"138","1-30","0.06-0.08",0.15,"3-4",1,0,0
"139","1-30","0.06-0.08",0.15,"4-5",1,0,0
"140","1-30","0.06-0.08",0.15,"5-10",1,0,0
"141","1-30","0.06-0.08",0.15,"10-20",1,0,0
"142","1-30","0.06-0.08",0.15,"20-30",1,0,0
"143","1-30","0.06-0.08",0.15,"30-40",1,0,0
"144","1-30","0.06-0.08",0.15,"40-50",1,0,0
"145","1-30","0.06-0.08",0.2,"2-3",1,0,0
"146","1-30","0.06-0.08",0.2,"3-4",1,0,0
"147","1-30","0.06-0.08",0.2,"4-5",1,0,0
"148","1-30","0.06-0.08",0.2,"5-10",1,0,0
"149","1-30","0.06-0.08",0.2,"10-20",1,0,0
"150","1-30","0.06-0.08",0.2,"20-30",1,0,0
"151","1-30","0.06-0.08",0.2,"30-40",1,0,0
"152","1-30","0.06-0.08",0.2,"40-50",1,0,0
"153","1-30","0.06-0.08",0.25,"2-3",1,0,0
"154","1-30","0.06-0.08",0.25,"3-4",1,0,0
"155","1-30","0.06-0.08",0.25,"4-5",1,0,0
"156","1-30","0.06-0.08",0.25,"5-10",1,0,0
"157","1-30","0.06-0.08",0.25,"10-20",1,0,0
"158","1-30","0.06-0.08",0.25,"20-30",1,0,0
"159","1-30","0.06-0.08",0.25,"30-40",1,0,0
"160","1-30","0.06-0.08",0.25,"40-50",1,0,0
"161","1-30","0.08-0.1",0.05,"2-3",1,0,0
"162","1-30","0.08-0.1",0.05,"3-4",1,0,0
"163","1-30","0.08-0.1",0.05,"4-5",1,0,0
"164","1-30","0.08-0.1",0.05,"5-10",1,0,0
"165","1-30","0.08-0.1",0.05,"10-20",1,0,0
"166","1-30","0.08-0.1",0.05,"20-30",1,0,0
"167","1-30","0.08-0.1",0.05,"30-40",1,0,0
"168","1-30","0.08-0.1",0.05,"40-50",1,0,0
"169","1-30","0.08-0.1",0.1,"2-3",1,0,0
"170","1-30","0.08-0.1",0.1,"3-4",1,0,0
"171","1-30","0.08-0.1",0.1,"4-5",1,0,0
"172","1-30","0.08-0.1",0.1,"5-10",1,0,0
"173","1-30","0.08-0.1",0.1,"10-20",1,0,0
"174","1-30","0.08-0.1",0.1,"20-30",1,0,0
"175","1-30","0.08-0.1",0.1,"30-40",1,0,0
"176","1-30","0.08-0.1",0.1,"40-50",1,0,0
"177","1-30","0.08-0.1",0.15,"2-3",1,0,0
"178","1-30","0.08-0.1",0.15,"3-4",1,0,0
"179","1-30","0.08-0.1",0.15,"4-5",1,0,0
"180","1-30","0.08-0.1",0.15,"5-10",1,0,0
"181","1-30","0.08-0.1",0.15,"10-20",1,0,0
"182","1-30","0.08-0.1",0.15,"20-30",1,0,0
"183","1-30","0.08-0.1",0.15,"30-40",1,0,0
"184","1-30","0.08-0.1",0.15,"40-50",1,0,0
"185","1-30","0.08-0.1",0.2,"2-3",1,0,0
"186","1-30","0.08-0.1",0.2,"3-4",1,0,0
"187","1-30","0.08-0.1",0.2,"4-5",1,0,0
"188","1-30","0.08-0.1",0.2,"5-10",1,0,0
"189","1-30","0.08-0.1",0.2,"10-20",1,0,0
"190","1-30","0.08-0.1",0.2,"20-30",1,0,0
"191","1-30","0.08-0.1",0.2,"30-40",1,0,0
"192","1-30","0.08-0.1",0.2,"40-50",1,0,0
"193","1-30","0.08-0.1",0.25,"2-3",1,0,0
"194","1-30","0.08-0.1",0.25,"3-4",1,0,0
"195","1-30","0.08-0.1",0.25,"4-5",1,0,0
"196","1-30","0.08-0.1",0.25,"5-10",1,0,0
"197","1-30","0.08-0.1",0.25,"10-20",1,0,0
"198","1-30","0.08-0.1",0.25,"20-30",1,0,0
"199","1-30","0.08-0.1",0.25,"30-40",1,0,0
"200","1-30","0.08-0.1",0.25,"40-50",1,0,0
"201","30-60","0-0.02",0.05,"2-3",1,0,0
"202","30-60","0-0.02",0.05,"3-4",1,0,0
"203","30-60","0-0.02",0.05,"4-5",1,0,0
"204","30-60","0-0.02",0.05,"5-10",1,0,0
"205","30-60","0-0.02",0.05,"10-20",1,0,0
"206","30-60","0-0.02",0.05,"20-30",1,0,0
"207","30-60","0-0.02",0.05,"30-40",1,0,0
"208","30-60","0-0.02",0.05,"40-50",1,0,0
"209","30-60","0-0.02",0.1,"2-3",1,0,0
"210","30-60","0-0.02",0.1,"3-4",1,0,0
"211","30-60","0-0.02",0.1,"4-5",1,0,0
"212","30-60","0-0.02",0.1,"5-10",1,0,0
"213","30-60","0-0.02",0.1,"10-20",1,0,0
"214","30-60","0-0.02",0.1,"20-30",1,0,0
"215","30-60","0-0.02",0.1,"30-40",1,0,0
"216","30-60","0-0.02",0.1,"40-50",1,0,0
"217","30-60","0-0.02",0.15,"2-3",1,0,0
"218","30-60","0-0.02",0.15,"3-4",1,0,0
"219","30-60","0-0.02",0.15,"4-5",1,0,0
"220","30-60","0-0.02",0.15,"5-10",1,0,0
"221","30-60","0-0.02",0.15,"10-20",1,0,0
"222","30-60","0-0.02",0.15,"20-30",1,0,0
"223","30-60","0-0.02",0.15,"30-40",1,0,0
"224","30-60","0-0.02",0.15,"40-50",1,0,0
"225","30-60","0-0.02",0.2,"2-3",1,0,0
"226","30-60","0-0.02",0.2,"3-4",1,0,0
"227","30-60","0-0.02",0.2,"4-5",1,0,0
"228","30-60","0-0.02",0.2,"5-10",1,0,0
"229","30-60","0-0.02",0.2,"10-20",1,0,0
"230","30-60","0-0.02",0.2,"20-30",1,0,0
"231","30-60","0-0.02",0.2,"30-40",1,0,0
"232","30-60","0-0.02",0.2,"40-50",1,0,0
"233","30-60","0-0.02",0.25,"2-3",1,0,0
"234","30-60","0-0.02",0.25,"3-4",1,0,0
"235","30-60","0-0.02",0.25,"4-5",1,0,0
"236","30-60","0-0.02",0.25,"5-10",1,0,0
"237","30-60","0-0.02",0.25,"10-20",1,0,0
"238","30-60","0-0.02",0.25,"20-30",1,0,0
"239","30-60","0-0.02",0.25,"30-40",1,0,0
"240","30-60","0-0.02",0.25,"40-50",1,0,0
"241","30-60","0.02-0.04",0.05,"2-3",1,0,0
"242","30-60","0.02-0.04",0.05,"3-4",1,0,0
"243","30-60","0.02-0.04",0.05,"4-5",1,0,0
"244","30-60","0.02-0.04",0.05,"5-10",1,0,0
"245","30-60","0.02-0.04",0.05,"10-20",1,0,0
"246","30-60","0.02-0.04",0.05,"20-30",1,0,0
"247","30-60","0.02-0.04",0.05,"30-40",1,0,0
"248","30-60","0.02-0.04",0.05,"40-50",1,0,0
"249","30-60","0.02-0.04",0.1,"2-3",1,0,0
"250","30-60","0.02-0.04",0.1,"3-4",1,0,0
"251","30-60","0.02-0.04",0.1,"4-5",1,0,0
"252","30-60","0.02-0.04",0.1,"5-10",1,0,0
"253","30-60","0.02-0.04",0.1,"10-20",1,0,0
"254","30-60","0.02-0.04",0.1,"20-30",1,0,0
"255","30-60","0.02-0.04",0.1,"30-40",1,0,0
"256","30-60","0.02-0.04",0.1,"40-50",1,0,0
"257","30-60","0.02-0.04",0.15,"2-3",1,0,0
"258","30-60","0.02-0.04",0.15,"3-4",1,0,0
"259","30-60","0.02-0.04",0.15,"4-5",1,0,0
"260","30-60","0.02-0.04",0.15,"5-10",1,0,0
"261","30-60","0.02-0.04",0.15,"10-20",1,0,0
"262","30-60","0.02-0.04",0.15,"20-30",1,0,0
"263","30-60","0.02-0.04",0.15,"30-40",1,0,0
"264","30-60","0.02-0.04",0.15,"40-50",1,0,0
"265","30-60","0.02-0.04",0.2,"2-3",1,0,0
"266","30-60","0.02-0.04",0.2,"3-4",1,0,0
"267","30-60","0.02-0.04",0.2,"4-5",1,0,0
"268","30-60","0.02-0.04",0.2,"5-10",1,0,0
"269","30-60","0.02-0.04",0.2,"10-20",1,0,0
"270","30-60","0.02-0.04",0.2,"20-30",1,0,0
"271","30-60","0.02-0.04",0.2,"30-40",1,0,0
"272","30-60","0.02-0.04",0.2,"40-50",1,0,0
"273","30-60","0.02-0.04",0.25,"2-3",1,0,0
"274","30-60","0.02-0.04",0.25,"3-4",1,0,0
"275","30-60","0.02-0.04",0.25,"4-5",1,0,0
"276","30-60","0.02-0.04",0.25,"5-10",1,0,0
"277","30-60","0.02-0.04",0.25,"10-20",1,0,0
"278","30-60","0.02-0.04",0.25,"20-30",1,0,0
"279","30-60","0.02-0.04",0.25,"30-40",1,0,0
"280","30-60","0.02-0.04",0.25,"40-50",1,0,0
"281","30-60","0.04-0.06",0.05,"2-3",1,0,0
"282","30-60","0.04-0.06",0.05,"3-4",1,0,0
"283","30-60","0.04-0.06",0.05,"4-5",1,0,0
"284","30-60","0.04-0.06",0.05,"5-10",1,0,0
"285","30-60","0.04-0.06",0.05,"10-20",1,0,0
"286","30-60","0.04-0.06",0.05,"20-30",1,0,0
"287","30-60","0.04-0.06",0.05,"30-40",1,0,0
"288","30-60","0.04-0.06",0.05,"40-50",1,0,0
"289","30-60","0.04-0.06",0.1,"2-3",1,0,0
"290","30-60","0.04-0.06",0.1,"3-4",1,0,0
"291","30-60","0.04-0.06",0.1,"4-5",1,0,0
"292","30-60","0.04-0.06",0.1,"5-10",1,0,0
"293","30-60","0.04-0.06",0.1,"10-20",1,0,0
"294","30-60","0.04-0.06",0.1,"20-30",1,0,0
"295","30-60","0.04-0.06",0.1,"30-40",1,0,0
"296","30-60","0.04-0.06",0.1,"40-50",1,0,0
"297","30-60","0.04-0.06",0.15,"2-3",1,0,0
"298","30-60","0.04-0.06",0.15,"3-4",1,0,0
"299","30-60","0.04-0.06",0.15,"4-5",1,0,0
"300","30-60","0.04-0.06",0.15,"5-10",1,0,0
"301","30-60","0.04-0.06",0.15,"10-20",1,0,0
"302","30-60","0.04-0.06",0.15,"20-30",1,0,0
"303","30-60","0.04-0.06",0.15,"30-40",1,0,0
"304","30-60","0.04-0.06",0.15,"40-50",1,0,0
"305","30-60","0.04-0.06",0.2,"2-3",1,0,0
"306","30-60","0.04-0.06",0.2,"3-4",1,0,0
"307","30-60","0.04-0.06",0.2,"4-5",1,0,0
"308","30-60","0.04-0.06",0.2,"5-10",1,0,0
"309","30-60","0.04-0.06",0.2,"10-20",1,0,0
"310","30-60","0.04-0.06",0.2,"20-30",1,0,0
"311","30-60","0.04-0.06",0.2,"30-40",1,0,0
"312","30-60","0.04-0.06",0.2,"40-50",1,0,0
"313","30-60","0.04-0.06",0.25,"2-3",1,0,0
"314","30-60","0.04-0.06",0.25,"3-4",1,0,0
"315","30-60","0.04-0.06",0.25,"4-5",1,0,0
"316","30-60","0.04-0.06",0.25,"5-10",1,0,0
"317","30-60","0.04-0.06",0.25,"10-20",1,0,0
"318","30-60","0.04-0.06",0.25,"20-30",1,0,0
"319","30-60","0.04-0.06",0.25,"30-40",1,0,0
"320","30-60","0.04-0.06",0.25,"40-50",1,0,0
"321","30-60","0.06-0.08",0.05,"2-3",1,0,0
"322","30-60","0.06-0.08",0.05,"3-4",1,0,0
"323","30-60","0.06-0.08",0.05,"4-5",1,0,0
"324","30-60","0.06-0.08",0.05,"5-10",1,0,0
"325","30-60","0.06-0.08",0.05,"10-20",1,0,0
"326","30-60","0.06-0.08",0.05,"20-30",1,0,0
"327","30-60","0.06-0.08",0.05,"30-40",1,0,0
"328","30-60","0.06-0.08",0.05,"40-50",1,0,0
"329","30-60","0.06-0.08",0.1,"2-3",1,0,0
"330","30-60","0.06-0.08",0.1,"3-4",1,0,0
"331","30-60","0.06-0.08",0.1,"4-5",1,0,0
"332","30-60","0.06-0.08",0.1,"5-10",1,0,0
"333","30-60","0.06-0.08",0.1,"10-20",1,0,0
"334","30-60","0.06-0.08",0.1,"20-30",1,0,0
"335","30-60","0.06-0.08",0.1,"30-40",1,0,0
"336","30-60","0.06-0.08",0.1,"40-50",1,0,0
"337","30-60","0.06-0.08",0.15,"2-3",1,0,0
"338","30-60","0.06-0.08",0.15,"3-4",1,0,0
"339","30-60","0.06-0.08",0.15,"4-5",1,0,0
"340","30-60","0.06-0.08",0.15,"5-10",1,0,0
"341","30-60","0.06-0.08",0.15,"10-20",1,0,0
"342","30-60","0.06-0.08",0.15,"20-30",1,0,0
"343","30-60","0.06-0.08",0.15,"30-40",1,0,0
"344","30-60","0.06-0.08",0.15,"40-50",1,0,0
"345","30-60","0.06-0.08",0.2,"2-3",1,0,0
"346","30-60","0.06-0.08",0.2,"3-4",1,0,0
"347","30-60","0.06-0.08",0.2,"4-5",1,0,0
"348","30-60","0.06-0.08",0.2,"5-10",1,0,0
"349","30-60","0.06-0.08",0.2,"10-20",1,0,0
"350","30-60","0.06-0.08",0.2,"20-30",1,0,0
"351","30-60","0.06-0.08",0.2,"30-40",1,0,0
"352","30-60","0.06-0.08",0.2,"40-50",1,0,0
"353","30-60","0.06-0.08",0.25,"2-3",1,0,0
"354","30-60","0.06-0.08",0.25,"3-4",1,0,0
"355","30-60","0.06-0.08",0.25,"4-5",1,0,0
"356","30-60","0.06-0.08",0.25,"5-10",1,0,0
"357","30-60","0.06-0.08",0.25,"10-20",1,0,0
"358","30-60","0.06-0.08",0.25,"20-30",1,0,0
"359","30-60","0.06-0.08",0.25,"30-40",1,0,0
"360","30-60","0.06-0.08",0.25,"40-50",1,0,0
"361","30-60","0.08-0.1",0.05,"2-3",1,0,0
"362","30-60","0.08-0.1",0.05,"3-4",1,0,0
"363","30-60","0.08-0.1",0.05,"4-5",1,0,0
"364","30-60","0.08-0.1",0.05,"5-10",1,0,0
"365","30-60","0.08-0.1",0.05,"10-20",1,0,0
"366","30-60","0.08-0.1",0.05,"20-30",1,0,0
"367","30-60","0.08-0.1",0.05,"30-40",1,0,0
"368","30-60","0.08-0.1",0.05,"40-50",1,0,0
"369","30-60","0.08-0.1",0.1,"2-3",1,0,0
"370","30-60","0.08-0.1",0.1,"3-4",1,0,0
"371","30-60","0.08-0.1",0.1,"4-5",1,0,0
"372","30-60","0.08-0.1",0.1,"5-10",1,0,0
"373","30-60","0.08-0.1",0.1,"10-20",1,0,0
"374","30-60","0.08-0.1",0.1,"20-30",1,0,0
"375","30-60","0.08-0.1",0.1,"30-40",1,0,0
"376","30-60","0.08-0.1",0.1,"40-50",1,0,0
"377","30-60","0.08-0.1",0.15,"2-3",1,0,0
"378","30-60","0.08-0.1",0.15,"3-4",1,0,0
"379","30-60","0.08-0.1",0.15,"4-5",1,0,0
"380","30-60","0.08-0.1",0.15,"5-10",1,0,0
"381","30-60","0.08-0.1",0.15,"10-20",1,0,0
"382","30-60","0.08-0.1",0.15,"20-30",1,0,0
"383","30-60","0.08-0.1",0.15,"30-40",1,0,0
"384","30-60","0.08-0.1",0.15,"40-50",1,0,0
"385","30-60","0.08-0.1",0.2,"2-3",1,0,0
"386","30-60","0.08-0.1",0.2,"3-4",1,0,0
"387","30-60","0.08-0.1",0.2,"4-5",1,0,0
"388","30-60","0.08-0.1",0.2,"5-10",1,0,0
"389","30-60","0.08-0.1",0.2,"10-20",1,0,0
"390","30-60","0.08-0.1",0.2,"20-30",1,0,0
"391","30-60","0.08-0.1",0.2,"30-40",1,0,0
"392","30-60","0.08-0.1",0.2,"40-50",1,0,0
"393","30-60","0.08-0.1",0.25,"2-3",1,0,0
"394","30-60","0.08-0.1",0.25,"3-4",1,0,0
"395","30-60","0.08-0.1",0.25,"4-5",1,0,0
"396","30-60","0.08-0.1",0.25,"5-10",1,0,0
"397","30-60","0.08-0.1",0.25,"10-20",1,0,0
"398","30-60","0.08-0.1",0.25,"20-30",1,0,0
"399","30-60","0.08-0.1",0.25,"30-40",1,0,0
"400","30-60","0.08-0.1",0.25,"40-50",1,0,0
"401","60-100","0-0.02",0.05,"2-3",1,0,0
"402","60-100","0-0.02",0.05,"3-4",1,0,0
"403","60-100","0-0.02",0.05,"4-5",1,0,0
"404","60-100","0-0.02",0.05,"5-10",1,0,0
"405","60-100","0-0.02",0.05,"10-20",1,0,0
"406","60-100","0-0.02",0.05,"20-30",1,0,0
"407","60-100","0-0.02",0.05,"30-40",1,0,0
"408","60-100","0-0.02",0.05,"40-50",1,0,0
"409","60-100","0-0.02",0.1,"2-3",1,0,0
"410","60-100","0-0.02",0.1,"3-4",1,0,0
"411","60-100","0-0.02",0.1,"4-5",1,0,0
"412","60-100","0-0.02",0.1,"5-10",1,0,0
"413","60-100","0-0.02",0.1,"10-20",1,0,0
"414","60-100","0-0.02",0.1,"20-30",1,0,0
"415","60-100","0-0.02",0.1,"30-40",1,0,0
"416","60-100","0-0.02",0.1,"40-50",1,0,0
"417","60-100","0-0.02",0.15,"2-3",1,0,0
"418","60-100","0-0.02",0.15,"3-4",1,0,0
"419","60-100","0-0.02",0.15,"4-5",1,0,0
"420","60-100","0-0.02",0.15,"5-10",1,0,0
"421","60-100","0-0.02",0.15,"10-20",1,0,0
"422","60-100","0-0.02",0.15,"20-30",1,0,0
"423","60-100","0-0.02",0.15,"30-40",1,0,0
"424","60-100","0-0.02",0.15,"40-50",1,0,0
"425","60-100","0-0.02",0.2,"2-3",1,0,0
"426","60-100","0-0.02",0.2,"3-4",1,0,0
"427","60-100","0-0.02",0.2,"4-5",1,0,0
"428","60-100","0-0.02",0.2,"5-10",1,0,0
"429","60-100","0-0.02",0.2,"10-20",1,0,0
"430","60-100","0-0.02",0.2,"20-30",1,0,0
"431","60-100","0-0.02",0.2,"30-40",1,0,0
"432","60-100","0-0.02",0.2,"40-50",1,0,0
"433","60-100","0-0.02",0.25,"2-3",1,0,0
"434","60-100","0-0.02",0.25,"3-4",1,0,0
"435","60-100","0-0.02",0.25,"4-5",1,0,0
"436","60-100","0-0.02",0.25,"5-10",1,0,0
"437","60-100","0-0.02",0.25,"10-20",1,0,0
"438","60-100","0-0.02",0.25,"20-30",1,0,0
"439","60-100","0-0.02",0.25,"30-40",1,0,0
"440","60-100","0-0.02",0.25,"40-50",1,0,0
"441","60-100","0.02-0.04",0.05,"2-3",1,0,0
"442","60-100","0.02-0.04",0.05,"3-4",1,0,0
"443","60-100","0.02-0.04",0.05,"4-5",1,0,0
"444","60-100","0.02-0.04",0.05,"5-10",1,0,0
"445","60-100","0.02-0.04",0.05,"10-20",1,0,0
"446","60-100","0.02-0.04",0.05,"20-30",1,0,0
"447","60-100","0.02-0.04",0.05,"30-40",1,0,0
"448","60-100","0.02-0.04",0.05,"40-50",1,0,0
"449","60-100","0.02-0.04",0.1,"2-3",1,0,0
"450","60-100","0.02-0.04",0.1,"3-4",1,0,0
"451","60-100","0.02-0.04",0.1,"4-5",1,0,0
"452","60-100","0.02-0.04",0.1,"5-10",1,0,0
"453","60-100","0.02-0.04",0.1,"10-20",1,0,0
"454","60-100","0.02-0.04",0.1,"20-30",1,0,0
"455","60-100","0.02-0.04",0.1,"30-40",1,0,0
"456","60-100","0.02-0.04",0.1,"40-50",1,0,0
"457","60-100","0.02-0.04",0.15,"2-3",1,0,0
"458","60-100","0.02-0.04",0.15,"3-4",1,0,0
"459","60-100","0.02-0.04",0.15,"4-5",1,0,0
"460","60-100","0.02-0.04",0.15,"5-10",1,0,0
"461","60-100","0.02-0.04",0.15,"10-20",1,0,0
"462","60-100","0.02-0.04",0.15,"20-30",1,0,0
"463","60-100","0.02-0.04",0.15,"30-40",1,0,0
"464","60-100","0.02-0.04",0.15,"40-50",1,0,0
"465","60-100","0.02-0.04",0.2,"2-3",1,0,0
"466","60-100","0.02-0.04",0.2,"3-4",1,0,0
"467","60-100","0.02-0.04",0.2,"4-5",1,0,0
"468","60-100","0.02-0.04",0.2,"5-10",1,0,0
"469","60-100","0.02-0.04",0.2,"10-20",1,0,0
"470","60-100","0.02-0.04",0.2,"20-30",1,0,0
"471","60-100","0.02-0.04",0.2,"30-40",1,0,0
"472","60-100","0.02-0.04",0.2,"40-50",1,0,0
"473","60-100","0.02-0.04",0.25,"2-3",1,0,0
"474","60-100","0.02-0.04",0.25,"3-4",1,0,0
"475","60-100","0.02-0.04",0.25,"4-5",1,0,0
"476","60-100","0.02-0.04",0.25,"5-10",1,0,0
"477","60-100","0.02-0.04",0.25,"10-20",1,0,0
"478","60-100","0.02-0.04",0.25,"20-30",1,0,0
"479","60-100","0.02-0.04",0.25,"30-40",1,0,0
"480","60-100","0.02-0.04",0.25,"40-50",1,0,0
"481","60-100","0.04-0.06",0.05,"2-3",1,0,0
"482","60-100","0.04-0.06",0.05,"3-4",1,0,0
"483","60-100","0.04-0.06",0.05,"4-5",1,0,0
"484","60-100","0.04-0.06",0.05,"5-10",1,0,0
"485","60-100","0.04-0.06",0.05,"10-20",1,0,0
"486","60-100","0.04-0.06",0.05,"20-30",1,0,0
"487","60-100","0.04-0.06",0.05,"30-40",1,0,0
"488","60-100","0.04-0.06",0.05,"40-50",1,0,0
"489","60-100","0.04-0.06",0.1,"2-3",1,0,0
"490","60-100","0.04-0.06",0.1,"3-4",1,0,0
"491","60-100","0.04-0.06",0.1,"4-5",1,0,0
"492","60-100","0.04-0.06",0.1,"5-10",1,0,0
"493","60-100","0.04-0.06",0.1,"10-20",1,0,0
"494","60-100","0.04-0.06",0.1,"20-30",1,0,0
"495","60-100","0.04-0.06",0.1,"30-40",1,0,0
"496","60-100","0.04-0.06",0.1,"40-50",1,0,0
"497","60-100","0.04-0.06",0.15,"2-3",1,0,0
"498","60-100","0.04-0.06",0.15,"3-4",1,0,0
"499","60-100","0.04-0.06",0.15,"4-5",1,0,0
"500","60-100","0.04-0.06",0.15,"5-10",1,0,0
"501","60-100","0.04-0.06",0.15,"10-20",1,0,0
"502","60-100","0.04-0.06",0.15,"20-30",1,0,0
"503","60-100","0.04-0.06",0.15,"30-40",1,0,0
"504","60-100","0.04-0.06",0.15,"40-50",1,0,0
"505","60-100","0.04-0.06",0.2,"2-3",1,0,0
"506","60-100","0.04-0.06",0.2,"3-4",1,0,0
"507","60-100","0.04-0.06",0.2,"4-5",1,0,0
"508","60-100","0.04-0.06",0.2,"5-10",1,0,0
"509","60-100","0.04-0.06",0.2,"10-20",1,0,0
"510","60-100","0.04-0.06",0.2,"20-30",1,0,0
"511","60-100","0.04-0.06",0.2,"30-40",1,0,0
"512","60-100","0.04-0.06",0.2,"40-50",1,0,0
"513","60-100","0.04-0.06",0.25,"2-3",1,0,0
"514","60-100","0.04-0.06",0.25,"3-4",1,0,0
"515","60-100","0.04-0.06",0.25,"4-5",1,0,0
"516","60-100","0.04-0.06",0.25,"5-10",1,0,0
"517","60-100","0.04-0.06",0.25,"10-20",1,0,0
"518","60-100","0.04-0.06",0.25,"20-30",1,0,0
"519","60-100","0.04-0.06",0.25,"30-40",1,0,0
"520","60-100","0.04-0.06",0.25,"40-50",1,0,0
"521","60-100","0.06-0.08",0.05,"2-3",1,0,0
"522","60-100","0.06-0.08",0.05,"3-4",1,0,0
"523","60-100","0.06-0.08",0.05,"4-5",1,0,0
"524","60-100","0.06-0.08",0.05,"5-10",1,0,0
"525","60-100","0.06-0.08",0.05,"10-20",1,0,0
"526","60-100","0.06-0.08",0.05,"20-30",1,0,0
"527","60-100","0.06-0.08",0.05,"30-40",1,0,0
"528","60-100","0.06-0.08",0.05,"40-50",1,0,0
"529","60-100","0.06-0.08",0.1,"2-3",1,0,0
"530","60-100","0.06-0.08",0.1,"3-4",1,0,0
"531","60-100","0.06-0.08",0.1,"4-5",1,0,0
"532","60-100","0.06-0.08",0.1,"5-10",1,0,0
"533","60-100","0.06-0.08",0.1,"10-20",1,0,0
"534","60-100","0.06-0.08",0.1,"20-30",1,0,0
"535","60-100","0.06-0.08",0.1,"30-40",1,0,0
"536","60-100","0.06-0.08",0.1,"40-50",1,0,0
"537","60-100","0.06-0.08",0.15,"2-3",1,0,0
"538","60-100","0.06-0.08",0.15,"3-4",1,0,0
"539","60-100","0.06-0.08",0.15,"4-5",1,0,0
"540","60-100","0.06-0.08",0.15,"5-10",1,0,0
"541","60-100","0.06-0.08",0.15,"10-20",1,0,0
"542","60-100","0.06-0.08",0.15,"20-30",1,0,0
"543","60-100","0.06-0.08",0.15,"30-40",1,0,0
"544","60-100","0.06-0.08",0.15,"40-50",1,0,0
"545","60-100","0.06-0.08",0.2,"2-3",1,0,0
"546","60-100","0.06-0.08",0.2,"3-4",1,0,0
"547","60-100","0.06-0.08",0.2,"4-5",1,0,0
"548","60-100","0.06-0.08",0.2,"5-10",1,0,0
"549","60-100","0.06-0.08",0.2,"10-20",1,0,0
"550","60-100","0.06-0.08",0.2,"20-30",1,0,0
"551","60-100","0.06-0.08",0.2,"30-40",1,0,0
"552","60-100","0.06-0.08",0.2,"40-50",1,0,0
"553","60-100","0.06-0.08",0.25,"2-3",1,0,0
"554","60-100","0.06-0.08",0.25,"3-4",1,0,0
"555","60-100","0.06-0.08",0.25,"4-5",1,0,0
"556","60-100","0.06-0.08",0.25,"5-10",1,0,0
"557","60-100","0.06-0.08",0.25,"10-20",1,0,0
"558","60-100","0.06-0.08",0.25,"20-30",1,0,0
"559","60-100","0.06-0.08",0.25,"30-40",1,0,0
"560","60-100","0.06-0.08",0.25,"40-50",1,0,0
"561","60-100","0.08-0.1",0.05,"2-3",1,0,0
"562","60-100","0.08-0.1",0.05,"3-4",1,0,0
"563","60-100","0.08-0.1",0.05,"4-5",1,0,0
"564","60-100","0.08-0.1",0.05,"5-10",1,0,0
"565","60-100","0.08-0.1",0.05,"10-20",1,0,0
"566","60-100","0.08-0.1",0.05,"20-30",1,0,0
"567","60-100","0.08-0.1",0.05,"30-40",1,0,0
"568","60-100","0.08-0.1",0.05,"40-50",1,0,0
"569","60-100","0.08-0.1",0.1,"2-3",1,0,0
"570","60-100","0.08-0.1",0.1,"3-4",1,0,0
"571","60-100","0.08-0.1",0.1,"4-5",1,0,0
"572","60-100","0.08-0.1",0.1,"5-10",1,0,0
"573","60-100","0.08-0.1",0.1,"10-20",1,0,0
"574","60-100","0.08-0.1",0.1,"20-30",1,0,0
"575","60-100","0.08-0.1",0.1,"30-40",1,0,0
"576","60-100","0.08-0.1",0.1,"40-50",1,0,0
"577","60-100","0.08-0.1",0.15,"2-3",1,0,0
"578","60-100","0.08-0.1",0.15,"3-4",1,0,0
"579","60-100","0.08-0.1",0.15,"4-5",1,0,0
"580","60-100","0.08-0.1",0.15,"5-10",1,0,0
"581","60-100","0.08-0.1",0.15,"10-20",1,0,0
"582","60-100","0.08-0.1",0.15,"20-30",1,0,0
"583","60-100","0.08-0.1",0.15,"30-40",1,0,0
"584","60-100","0.08-0.1",0.15,"40-50",1,0,0
"585","60-100","0.08-0.1",0.2,"2-3",1,0,0
"586","60-100","0.08-0.1",0.2,"3-4",1,0,0
"587","60-100","0.08-0.1",0.2,"4-5",1,0,0
"588","60-100","0.08-0.1",0.2,"5-10",1,0,0
"589","60-100","0.08-0.1",0.2,"10-20",1,0,0
"590","60-100","0.08-0.1",0.2,"20-30",1,0,0
"591","60-100","0.08-0.1",0.2,"30-40",1,0,0
"592","60-100","0.08-0.1",0.2,"40-50",1,0,0
"593","60-100","0.08-0.1",0.25,"2-3",1,0,0
"594","60-100","0.08-0.1",0.25,"3-4",1,0,0
"595","60-100","0.08-0.1",0.25,"4-5",1,0,0
"596","60-100","0.08-0.1",0.25,"5-10",1,0,0
"597","60-100","0.08-0.1",0.25,"10-20",1,0,0
"598","60-100","0.08-0.1",0.25,"20-30",1,0,0
"599","60-100","0.08-0.1",0.25,"30-40",1,0,0
"600","60-100","0.08-0.1",0.25,"40-50",1,0,0
"601","100-500","0-0.02",0.05,"2-3",1,0,0
"602","100-500","0-0.02",0.05,"3-4",1,0,0
"603","100-500","0-0.02",0.05,"4-5",1,0,0
"604","100-500","0-0.02",0.05,"5-10",1,0,0
"605","100-500","0-0.02",0.05,"10-20",1,0,0
"606","100-500","0-0.02",0.05,"20-30",1,0,0
"607","100-500","0-0.02",0.05,"30-40",1,0,0
"608","100-500","0-0.02",0.05,"40-50",1,0,0
"609","100-500","0-0.02",0.1,"2-3",1,0,0
"610","100-500","0-0.02",0.1,"3-4",1,0,0
"611","100-500","0-0.02",0.1,"4-5",1,0,0
"612","100-500","0-0.02",0.1,"5-10",1,0,0
"613","100-500","0-0.02",0.1,"10-20",1,0,0
"614","100-500","0-0.02",0.1,"20-30",1,0,0
"615","100-500","0-0.02",0.1,"30-40",1,0,0
"616","100-500","0-0.02",0.1,"40-50",1,0,0
"617","100-500","0-0.02",0.15,"2-3",1,0,0
"618","100-500","0-0.02",0.15,"3-4",1,0,0
"619","100-500","0-0.02",0.15,"4-5",1,0,0
"620","100-500","0-0.02",0.15,"5-10",1,0,0
"621","100-500","0-0.02",0.15,"10-20",1,0,0
"622","100-500","0-0.02",0.15,"20-30",1,0,0
"623","100-500","0-0.02",0.15,"30-40",1,0,0
"624","100-500","0-0.02",0.15,"40-50",1,0,0
"625","100-500","0-0.02",0.2,"2-3",1,0,0
"626","100-500","0-0.02",0.2,"3-4",1,0,0
"627","100-500","0-0.02",0.2,"4-5",1,0,0
"628","100-500","0-0.02",0.2,"5-10",1,0,0
"629","100-500","0-0.02",0.2,"10-20",1,0,0
"630","100-500","0-0.02",0.2,"20-30",1,0,0
"631","100-500","0-0.02",0.2,"30-40",1,0,0
"632","100-500","0-0.02",0.2,"40-50",1,0,0
"633","100-500","0-0.02",0.25,"2-3",1,0,0
"634","100-500","0-0.02",0.25,"3-4",1,0,0
"635","100-500","0-0.02",0.25,"4-5",1,0,0
"636","100-500","0-0.02",0.25,"5-10",1,0,0
"637","100-500","0-0.02",0.25,"10-20",1,0,0
"638","100-500","0-0.02",0.25,"20-30",1,0,0
"639","100-500","0-0.02",0.25,"30-40",1,0,0
"640","100-500","0-0.02",0.25,"40-50",1,0,0
"641","100-500","0.02-0.04",0.05,"2-3",1,0,0
"642","100-500","0.02-0.04",0.05,"3-4",1,0,0
"643","100-500","0.02-0.04",0.05,"4-5",1,0,0
"644","100-500","0.02-0.04",0.05,"5-10",1,0,0
"645","100-500","0.02-0.04",0.05,"10-20",1,0,0
"646","100-500","0.02-0.04",0.05,"20-30",1,0,0
"647","100-500","0.02-0.04",0.05,"30-40",1,0,0
"648","100-500","0.02-0.04",0.05,"40-50",0.999696509863429,0.000303490136570561,0
"649","100-500","0.02-0.04",0.1,"2-3",1,0,0
"650","100-500","0.02-0.04",0.1,"3-4",1,0,0
"651","100-500","0.02-0.04",0.1,"4-5",1,0,0
"652","100-500","0.02-0.04",0.1,"5-10",1,0,0
"653","100-500","0.02-0.04",0.1,"10-20",1,0,0
"654","100-500","0.02-0.04",0.1,"20-30",1,0,0
"655","100-500","0.02-0.04",0.1,"30-40",1,0,0
"656","100-500","0.02-0.04",0.1,"40-50",1,0,0
"657","100-500","0.02-0.04",0.15,"2-3",1,0,0
"658","100-500","0.02-0.04",0.15,"3-4",1,0,0
"659","100-500","0.02-0.04",0.15,"4-5",1,0,0
"660","100-500","0.02-0.04",0.15,"5-10",1,0,0
"661","100-500","0.02-0.04",0.15,"10-20",1,0,0
"662","100-500","0.02-0.04",0.15,"20-30",1,0,0
"663","100-500","0.02-0.04",0.15,"30-40",1,0,0
"664","100-500","0.02-0.04",0.15,"40-50",1,0,0
"665","100-500","0.02-0.04",0.2,"2-3",1,0,0
"666","100-500","0.02-0.04",0.2,"3-4",1,0,0
"667","100-500","0.02-0.04",0.2,"4-5",1,0,0
"668","100-500","0.02-0.04",0.2,"5-10",1,0,0
"669","100-500","0.02-0.04",0.2,"10-20",1,0,0
"670","100-500","0.02-0.04",0.2,"20-30",1,0,0
"671","100-500","0.02-0.04",0.2,"30-40",1,0,0
"672","100-500","0.02-0.04",0.2,"40-50",1,0,0
"673","100-500","0.02-0.04",0.25,"2-3",1,0,0
"674","100-500","0.02-0.04",0.25,"3-4",1,0,0
"675","100-500","0.02-0.04",0.25,"4-5",1,0,0
"676","100-500","0.02-0.04",0.25,"5-10",1,0,0
"677","100-500","0.02-0.04",0.25,"10-20",1,0,0
"678","100-500","0.02-0.04",0.25,"20-30",1,0,0
"679","100-500","0.02-0.04",0.25,"30-40",1,0,0
"680","100-500","0.02-0.04",0.25,"40-50",1,0,0
"681","100-500","0.04-0.06",0.05,"2-3",1,0,0
"682","100-500","0.04-0.06",0.05,"3-4",1,0,0
"683","100-500","0.04-0.06",0.05,"4-5",1,0,0
"684","100-500","0.04-0.06",0.05,"5-10",1,0,0
"685","100-500","0.04-0.06",0.05,"10-20",1,0,0
"686","100-500","0.04-0.06",0.05,"20-30",1,0,0
"687","100-500","0.04-0.06",0.05,"30-40",0.99813200498132,0.00186799501867995,0
"688","100-500","0.04-0.06",0.05,"40-50",0.98096992019644,0.0190300798035605,0
"689","100-500","0.04-0.06",0.1,"2-3",1,0,0
"690","100-500","0.04-0.06",0.1,"3-4",1,0,0
"691","100-500","0.04-0.06",0.1,"4-5",1,0,0
"692","100-500","0.04-0.06",0.1,"5-10",1,0,0
"693","100-500","0.04-0.06",0.1,"10-20",1,0,0
"694","100-500","0.04-0.06",0.1,"20-30",1,0,0
"695","100-500","0.04-0.06",0.1,"30-40",0.999695214873514,0.000304785126485827,0
"696","100-500","0.04-0.06",0.1,"40-50",0.995082974800246,0.00491702519975415,0
"697","100-500","0.04-0.06",0.15,"2-3",1,0,0
"698","100-500","0.04-0.06",0.15,"3-4",1,0,0
"699","100-500","0.04-0.06",0.15,"4-5",1,0,0
"700","100-500","0.04-0.06",0.15,"5-10",1,0,0
"701","100-500","0.04-0.06",0.15,"10-20",1,0,0
"702","100-500","0.04-0.06",0.15,"20-30",1,0,0
"703","100-500","0.04-0.06",0.15,"30-40",1,0,0
"704","100-500","0.04-0.06",0.15,"40-50",0.996634026927785,0.00336597307221542,0
"705","100-500","0.04-0.06",0.2,"2-3",1,0,0
"706","100-500","0.04-0.06",0.2,"3-4",1,0,0
"707","100-500","0.04-0.06",0.2,"4-5",1,0,0
"708","100-500","0.04-0.06",0.2,"5-10",1,0,0
"709","100-500","0.04-0.06",0.2,"10-20",1,0,0
"710","100-500","0.04-0.06",0.2,"20-30",1,0,0
"711","100-500","0.04-0.06",0.2,"30-40",1,0,0
"712","100-500","0.04-0.06",0.2,"40-50",0.999074645280691,0.000925354719309068,0
"713","100-500","0.04-0.06",0.25,"2-3",1,0,0
"714","100-500","0.04-0.06",0.25,"3-4",1,0,0
"715","100-500","0.04-0.06",0.25,"4-5",1,0,0
"716","100-500","0.04-0.06",0.25,"5-10",1,0,0
"717","100-500","0.04-0.06",0.25,"10-20",1,0,0
"718","100-500","0.04-0.06",0.25,"20-30",1,0,0
"719","100-500","0.04-0.06",0.25,"30-40",1,0,0
"720","100-500","0.04-0.06",0.25,"40-50",0.999394673123487,0.000605326876513317,0
"721","100-500","0.06-0.08",0.05,"2-3",1,0,0
"722","100-500","0.06-0.08",0.05,"3-4",1,0,0
"723","100-500","0.06-0.08",0.05,"4-5",1,0,0
"724","100-500","0.06-0.08",0.05,"5-10",1,0,0
"725","100-500","0.06-0.08",0.05,"10-20",1,0,0
"726","100-500","0.06-0.08",0.05,"20-30",0.998765050941649,0.00123494905835134,0
"727","100-500","0.06-0.08",0.05,"30-40",0.95366444579043,0.04633555420957,0
"728","100-500","0.06-0.08",0.05,"40-50",0.825367647058823,0.17156862745098,0.00306372549019608
"729","100-500","0.06-0.08",0.1,"2-3",1,0,0
"730","100-500","0.06-0.08",0.1,"3-4",1,0,0
"731","100-500","0.06-0.08",0.1,"4-5",1,0,0
"732","100-500","0.06-0.08",0.1,"5-10",1,0,0
"733","100-500","0.06-0.08",0.1,"10-20",1,0,0
"734","100-500","0.06-0.08",0.1,"20-30",0.999702114983616,0.000297885016383676,0
"735","100-500","0.06-0.08",0.1,"30-40",0.98544266191325,0.0145573380867499,0
"736","100-500","0.06-0.08",0.1,"40-50",0.895341614906832,0.104658385093168,0
"737","100-500","0.06-0.08",0.15,"2-3",1,0,0
"738","100-500","0.06-0.08",0.15,"3-4",1,0,0
"739","100-500","0.06-0.08",0.15,"4-5",1,0,0
"740","100-500","0.06-0.08",0.15,"5-10",1,0,0
"741","100-500","0.06-0.08",0.15,"10-20",1,0,0
"742","100-500","0.06-0.08",0.15,"20-30",1,0,0
"743","100-500","0.06-0.08",0.15,"30-40",0.991972831120716,0.00802716887928373,0
"744","100-500","0.06-0.08",0.15,"40-50",0.882136279926335,0.117863720073665,0
"745","100-500","0.06-0.08",0.2,"2-3",1,0,0
"746","100-500","0.06-0.08",0.2,"3-4",1,0,0
"747","100-500","0.06-0.08",0.2,"4-5",1,0,0
"748","100-500","0.06-0.08",0.2,"5-10",1,0,0
"749","100-500","0.06-0.08",0.2,"10-20",1,0,0
"750","100-500","0.06-0.08",0.2,"20-30",1,0,0
"751","100-500","0.06-0.08",0.2,"30-40",0.994394269697913,0.00560573030208658,0
"752","100-500","0.06-0.08",0.2,"40-50",0.909258123850399,0.0907418761496015,0
"753","100-500","0.06-0.08",0.25,"2-3",1,0,0
"754","100-500","0.06-0.08",0.25,"3-4",1,0,0
"755","100-500","0.06-0.08",0.25,"4-5",1,0,0
"756","100-500","0.06-0.08",0.25,"5-10",1,0,0
"757","100-500","0.06-0.08",0.25,"10-20",1,0,0
"758","100-500","0.06-0.08",0.25,"20-30",1,0,0
"759","100-500","0.06-0.08",0.25,"30-40",0.993928354584092,0.00607164541590771,0
"760","100-500","0.06-0.08",0.25,"40-50",0.912216083486802,0.0877839165131983,0
"761","100-500","0.08-0.1",0.05,"2-3",1,0,0
"762","100-500","0.08-0.1",0.05,"3-4",1,0,0
"763","100-500","0.08-0.1",0.05,"4-5",1,0,0
"764","100-500","0.08-0.1",0.05,"5-10",1,0,0
"765","100-500","0.08-0.1",0.05,"10-20",1,0,0
"766","100-500","0.08-0.1",0.05,"20-30",0.97442143727162,0.02557856272838,0
"767","100-500","0.08-0.1",0.05,"30-40",0.820544176092938,0.178538673188627,0.000917150718434729
"768","100-500","0.08-0.1",0.05,"40-50",0.603997501561524,0.381011867582761,0.0149906308557152
"769","100-500","0.08-0.1",0.1,"2-3",1,0,0
"770","100-500","0.08-0.1",0.1,"3-4",1,0,0
"771","100-500","0.08-0.1",0.1,"4-5",1,0,0
"772","100-500","0.08-0.1",0.1,"5-10",1,0,0
"773","100-500","0.08-0.1",0.1,"10-20",1,0,0
"774","100-500","0.08-0.1",0.1,"20-30",0.992992078001219,0.00700792199878123,0
"775","100-500","0.08-0.1",0.1,"30-40",0.898555179833999,0.101444820166001,0
"776","100-500","0.08-0.1",0.1,"40-50",0.671056569889255,0.328943430110745,0
"777","100-500","0.08-0.1",0.15,"2-3",1,0,0
"778","100-500","0.08-0.1",0.15,"3-4",1,0,0
"779","100-500","0.08-0.1",0.15,"4-5",1,0,0
"780","100-500","0.08-0.1",0.15,"5-10",1,0,0
"781","100-500","0.08-0.1",0.15,"10-20",1,0,0
"782","100-500","0.08-0.1",0.15,"20-30",0.99594383775351,0.00405616224648986,0
"783","100-500","0.08-0.1",0.15,"30-40",0.879938271604938,0.120061728395062,0
"784","100-500","0.08-0.1",0.15,"40-50",0.627155848228285,0.372530573847601,0.000313577924114142
"785","100-500","0.08-0.1",0.2,"2-3",1,0,0
"786","100-500","0.08-0.1",0.2,"3-4",1,0,0
"787","100-500","0.08-0.1",0.2,"4-5",1,0,0
"788","100-500","0.08-0.1",0.2,"5-10",1,0,0
"789","100-500","0.08-0.1",0.2,"10-20",1,0,0
"790","100-500","0.08-0.1",0.2,"20-30",0.997863247863248,0.00213675213675214,0
"791","100-500","0.08-0.1",0.2,"30-40",0.905169776690119,0.0948302233098807,0
"792","100-500","0.08-0.1",0.2,"40-50",0.653073833796725,0.346617238183503,0.000308928019771393
"793","100-500","0.08-0.1",0.25,"2-3",1,0,0
"794","100-500","0.08-0.1",0.25,"3-4",1,0,0
"795","100-500","0.08-0.1",0.25,"4-5",1,0,0
"796","100-500","0.08-0.1",0.25,"5-10",1,0,0
"797","100-500","0.08-0.1",0.25,"10-20",1,0,0
"798","100-500","0.08-0.1",0.25,"20-30",0.998786039453718,0.00121396054628225,0
"799","100-500","0.08-0.1",0.25,"30-40",0.908172635445363,0.0918273645546373,0
"800","100-500","0.08-0.1",0.25,"40-50",0.662298079853703,0.337701920146297,0
"801","500-1000","0-0.02",0.05,"2-3",1,0,0
"802","500-1000","0-0.02",0.05,"3-4",1,0,0
"803","500-1000","0-0.02",0.05,"4-5",1,0,0
"804","500-1000","0-0.02",0.05,"5-10",1,0,0
"805","500-1000","0-0.02",0.05,"10-20",1,0,0
"806","500-1000","0-0.02",0.05,"20-30",1,0,0
"807","500-1000","0-0.02",0.05,"30-40",1,0,0
"808","500-1000","0-0.02",0.05,"40-50",1,0,0
"809","500-1000","0-0.02",0.1,"2-3",1,0,0
"810","500-1000","0-0.02",0.1,"3-4",1,0,0
"811","500-1000","0-0.02",0.1,"4-5",1,0,0
"812","500-1000","0-0.02",0.1,"5-10",1,0,0
"813","500-1000","0-0.02",0.1,"10-20",1,0,0
"814","500-1000","0-0.02",0.1,"20-30",1,0,0
"815","500-1000","0-0.02",0.1,"30-40",1,0,0
"816","500-1000","0-0.02",0.1,"40-50",1,0,0
"817","500-1000","0-0.02",0.15,"2-3",1,0,0
"818","500-1000","0-0.02",0.15,"3-4",1,0,0
"819","500-1000","0-0.02",0.15,"4-5",1,0,0
"820","500-1000","0-0.02",0.15,"5-10",1,0,0
"821","500-1000","0-0.02",0.15,"10-20",1,0,0
"822","500-1000","0-0.02",0.15,"20-30",1,0,0
"823","500-1000","0-0.02",0.15,"30-40",1,0,0
"824","500-1000","0-0.02",0.15,"40-50",1,0,0
"825","500-1000","0-0.02",0.2,"2-3",1,0,0
"826","500-1000","0-0.02",0.2,"3-4",1,0,0
"827","500-1000","0-0.02",0.2,"4-5",1,0,0
"828","500-1000","0-0.02",0.2,"5-10",1,0,0
"829","500-1000","0-0.02",0.2,"10-20",1,0,0
"830","500-1000","0-0.02",0.2,"20-30",1,0,0
"831","500-1000","0-0.02",0.2,"30-40",1,0,0
"832","500-1000","0-0.02",0.2,"40-50",1,0,0
"833","500-1000","0-0.02",0.25,"2-3",1,0,0
"834","500-1000","0-0.02",0.25,"3-4",1,0,0
"835","500-1000","0-0.02",0.25,"4-5",1,0,0
"836","500-1000","0-0.02",0.25,"5-10",1,0,0
"837","500-1000","0-0.02",0.25,"10-20",1,0,0
"838","500-1000","0-0.02",0.25,"20-30",1,0,0
"839","500-1000","0-0.02",0.25,"30-40",1,0,0
"840","500-1000","0-0.02",0.25,"40-50",1,0,0
"841","500-1000","0.02-0.04",0.05,"2-3",1,0,0
"842","500-1000","0.02-0.04",0.05,"3-4",1,0,0
"843","500-1000","0.02-0.04",0.05,"4-5",1,0,0
"844","500-1000","0.02-0.04",0.05,"5-10",1,0,0
"845","500-1000","0.02-0.04",0.05,"10-20",1,0,0
"846","500-1000","0.02-0.04",0.05,"20-30",1,0,0
"847","500-1000","0.02-0.04",0.05,"30-40",1,0,0
"848","500-1000","0.02-0.04",0.05,"40-50",0.998522531396208,0.00147746860379217,0
"849","500-1000","0.02-0.04",0.1,"2-3",1,0,0
"850","500-1000","0.02-0.04",0.1,"3-4",1,0,0
"851","500-1000","0.02-0.04",0.1,"4-5",1,0,0
"852","500-1000","0.02-0.04",0.1,"5-10",1,0,0
"853","500-1000","0.02-0.04",0.1,"10-20",1,0,0
"854","500-1000","0.02-0.04",0.1,"20-30",1,0,0
"855","500-1000","0.02-0.04",0.1,"30-40",1,0,0
"856","500-1000","0.02-0.04",0.1,"40-50",0.999762300927026,0.000237699072973615,0
"857","500-1000","0.02-0.04",0.15,"2-3",1,0,0
"858","500-1000","0.02-0.04",0.15,"3-4",1,0,0
"859","500-1000","0.02-0.04",0.15,"4-5",1,0,0
"860","500-1000","0.02-0.04",0.15,"5-10",1,0,0
"861","500-1000","0.02-0.04",0.15,"10-20",1,0,0
"862","500-1000","0.02-0.04",0.15,"20-30",1,0,0
"863","500-1000","0.02-0.04",0.15,"30-40",1,0,0
"864","500-1000","0.02-0.04",0.15,"40-50",1,0,0
"865","500-1000","0.02-0.04",0.2,"2-3",1,0,0
"866","500-1000","0.02-0.04",0.2,"3-4",1,0,0
"867","500-1000","0.02-0.04",0.2,"4-5",1,0,0
"868","500-1000","0.02-0.04",0.2,"5-10",1,0,0
"869","500-1000","0.02-0.04",0.2,"10-20",1,0,0
"870","500-1000","0.02-0.04",0.2,"20-30",1,0,0
"871","500-1000","0.02-0.04",0.2,"30-40",1,0,0
"872","500-1000","0.02-0.04",0.2,"40-50",1,0,0
"873","500-1000","0.02-0.04",0.25,"2-3",1,0,0
"874","500-1000","0.02-0.04",0.25,"3-4",1,0,0
"875","500-1000","0.02-0.04",0.25,"4-5",1,0,0
"876","500-1000","0.02-0.04",0.25,"5-10",1,0,0
"877","500-1000","0.02-0.04",0.25,"10-20",1,0,0
"878","500-1000","0.02-0.04",0.25,"20-30",1,0,0
"879","500-1000","0.02-0.04",0.25,"30-40",1,0,0
"880","500-1000","0.02-0.04",0.25,"40-50",1,0,0
"881","500-1000","0.04-0.06",0.05,"2-3",1,0,0
"882","500-1000","0.04-0.06",0.05,"3-4",1,0,0
"883","500-1000","0.04-0.06",0.05,"4-5",1,0,0
"884","500-1000","0.04-0.06",0.05,"5-10",1,0,0
"885","500-1000","0.04-0.06",0.05,"10-20",1,0,0
"886","500-1000","0.04-0.06",0.05,"20-30",0.999265066144047,0.000734933855952964,0
"887","500-1000","0.04-0.06",0.05,"30-40",0.981012658227848,0.0189873417721519,0
"888","500-1000","0.04-0.06",0.05,"40-50",0.861907114624506,0.136857707509881,0.00123517786561265
"889","500-1000","0.04-0.06",0.1,"2-3",1,0,0
"890","500-1000","0.04-0.06",0.1,"3-4",1,0,0
"891","500-1000","0.04-0.06",0.1,"4-5",1,0,0
"892","500-1000","0.04-0.06",0.1,"5-10",1,0,0
"893","500-1000","0.04-0.06",0.1,"10-20",1,0,0
"894","500-1000","0.04-0.06",0.1,"20-30",1,0,0
"895","500-1000","0.04-0.06",0.1,"30-40",0.997305242528172,0.00269475747182754,0
"896","500-1000","0.04-0.06",0.1,"40-50",0.926052889324192,0.073947110675808,0
"897","500-1000","0.04-0.06",0.15,"2-3",1,0,0
"898","500-1000","0.04-0.06",0.15,"3-4",1,0,0
"899","500-1000","0.04-0.06",0.15,"4-5",1,0,0
"900","500-1000","0.04-0.06",0.15,"5-10",1,0,0
"901","500-1000","0.04-0.06",0.15,"10-20",1,0,0
"902","500-1000","0.04-0.06",0.15,"20-30",1,0,0
"903","500-1000","0.04-0.06",0.15,"30-40",0.998780785174348,0.00121921482565228,0
"904","500-1000","0.04-0.06",0.15,"40-50",0.929041697147037,0.0709583028529627,0
"905","500-1000","0.04-0.06",0.2,"2-3",1,0,0
"906","500-1000","0.04-0.06",0.2,"3-4",1,0,0
"907","500-1000","0.04-0.06",0.2,"4-5",1,0,0
"908","500-1000","0.04-0.06",0.2,"5-10",1,0,0
"909","500-1000","0.04-0.06",0.2,"10-20",1,0,0
"910","500-1000","0.04-0.06",0.2,"20-30",1,0,0
"911","500-1000","0.04-0.06",0.2,"30-40",1,0,0
"912","500-1000","0.04-0.06",0.2,"40-50",0.947368421052632,0.0526315789473684,0
"913","500-1000","0.04-0.06",0.25,"2-3",1,0,0
"914","500-1000","0.04-0.06",0.25,"3-4",1,0,0
"915","500-1000","0.04-0.06",0.25,"4-5",1,0,0
"916","500-1000","0.04-0.06",0.25,"5-10",1,0,0
"917","500-1000","0.04-0.06",0.25,"10-20",1,0,0
"918","500-1000","0.04-0.06",0.25,"20-30",1,0,0
"919","500-1000","0.04-0.06",0.25,"30-40",1,0,0
"920","500-1000","0.04-0.06",0.25,"40-50",0.951412989588498,0.0485870104115022,0
"921","500-1000","0.06-0.08",0.05,"2-3",1,0,0
"922","500-1000","0.06-0.08",0.05,"3-4",1,0,0
"923","500-1000","0.06-0.08",0.05,"4-5",1,0,0
"924","500-1000","0.06-0.08",0.05,"5-10",1,0,0
"925","500-1000","0.06-0.08",0.05,"10-20",1,0,0
"926","500-1000","0.06-0.08",0.05,"20-30",0.978776529338327,0.0212234706616729,0
"927","500-1000","0.06-0.08",0.05,"30-40",0.761072834645669,0.235728346456693,0.0031988188976378
"928","500-1000","0.06-0.08",0.05,"40-50",0.358812074001947,0.606377799415774,0.0348101265822785
"929","500-1000","0.06-0.08",0.1,"2-3",1,0,0
"930","500-1000","0.06-0.08",0.1,"3-4",1,0,0
"931","500-1000","0.06-0.08",0.1,"4-5",1,0,0
"932","500-1000","0.06-0.08",0.1,"5-10",1,0,0
"933","500-1000","0.06-0.08",0.1,"10-20",1,0,0
"934","500-1000","0.06-0.08",0.1,"20-30",0.996581196581197,0.00341880341880342,0
"935","500-1000","0.06-0.08",0.1,"30-40",0.838997348758737,0.161002651241263,0
"936","500-1000","0.06-0.08",0.1,"40-50",0.369253223060083,0.623692532230601,0.00705424470931647
"937","500-1000","0.06-0.08",0.15,"2-3",1,0,0
"938","500-1000","0.06-0.08",0.15,"3-4",1,0,0
"939","500-1000","0.06-0.08",0.15,"4-5",1,0,0
"940","500-1000","0.06-0.08",0.15,"5-10",1,0,0
"941","500-1000","0.06-0.08",0.15,"10-20",1,0,0
"942","500-1000","0.06-0.08",0.15,"20-30",0.997530864197531,0.00246913580246914,0
"943","500-1000","0.06-0.08",0.15,"30-40",0.840200047630388,0.159799952369612,0
"944","500-1000","0.06-0.08",0.15,"40-50",0.321987577639752,0.673788819875776,0.00422360248447205
"945","500-1000","0.06-0.08",0.2,"2-3",1,0,0
"946","500-1000","0.06-0.08",0.2,"3-4",1,0,0
"947","500-1000","0.06-0.08",0.2,"4-5",1,0,0
"948","500-1000","0.06-0.08",0.2,"5-10",1,0,0
"949","500-1000","0.06-0.08",0.2,"10-20",1,0,0
"950","500-1000","0.06-0.08",0.2,"20-30",0.999263984298332,0.000736015701668302,0
"951","500-1000","0.06-0.08",0.2,"30-40",0.865281173594132,0.134718826405868,0
"952","500-1000","0.06-0.08",0.2,"40-50",0.33062930186824,0.668633235004916,0.000737463126843658
"953","500-1000","0.06-0.08",0.25,"2-3",1,0,0
"954","500-1000","0.06-0.08",0.25,"3-4",1,0,0
"955","500-1000","0.06-0.08",0.25,"4-5",1,0,0
"956","500-1000","0.06-0.08",0.25,"5-10",1,0,0
"957","500-1000","0.06-0.08",0.25,"10-20",1,0,0
"958","500-1000","0.06-0.08",0.25,"20-30",0.999251310207138,0.000748689792862491,0
"959","500-1000","0.06-0.08",0.25,"30-40",0.874627606752731,0.125372393247269,0
"960","500-1000","0.06-0.08",0.25,"40-50",0.321619556913675,0.677871148459384,0.000509294626941686
"961","500-1000","0.08-0.1",0.05,"2-3",1,0,0
"962","500-1000","0.08-0.1",0.05,"3-4",1,0,0
"963","500-1000","0.08-0.1",0.05,"4-5",1,0,0
"964","500-1000","0.08-0.1",0.05,"5-10",1,0,0
"965","500-1000","0.08-0.1",0.05,"10-20",0.996512207274539,0.00348779272546089,0
"966","500-1000","0.08-0.1",0.05,"20-30",0.853248965685082,0.145777561450475,0.000973472864443904
"967","500-1000","0.08-0.1",0.05,"30-40",0.356731010278265,0.606417648533467,0.0368513411882677
"968","500-1000","0.08-0.1",0.05,"40-50",0.0682478218780252,0.711519845111326,0.220232333010649
"969","500-1000","0.08-0.1",0.1,"2-3",1,0,0
"970","500-1000","0.08-0.1",0.1,"3-4",1,0,0
"971","500-1000","0.08-0.1",0.1,"4-5",1,0,0
"972","500-1000","0.08-0.1",0.1,"5-10",1,0,0
"973","500-1000","0.08-0.1",0.1,"10-20",0.999757045675413,0.000242954324586978,0
"974","500-1000","0.08-0.1",0.1,"20-30",0.911591355599214,0.0884086444007859,0
"975","500-1000","0.08-0.1",0.1,"30-40",0.369184592296148,0.625562781390695,0.00525262631315658
"976","500-1000","0.08-0.1",0.1,"40-50",0.0390375644488092,0.845077338571078,0.115885096980113
"977","500-1000","0.08-0.1",0.15,"2-3",1,0,0
"978","500-1000","0.08-0.1",0.15,"3-4",1,0,0
"979","500-1000","0.08-0.1",0.15,"4-5",1,0,0
"980","500-1000","0.08-0.1",0.15,"5-10",1,0,0
"981","500-1000","0.08-0.1",0.15,"10-20",1,0,0
"982","500-1000","0.08-0.1",0.15,"20-30",0.914244535190968,0.0857554648090319,0
"983","500-1000","0.08-0.1",0.15,"30-40",0.304283965728274,0.689596083231334,0.00611995104039168
"984","500-1000","0.08-0.1",0.15,"40-50",0.0147943831494483,0.867853560682046,0.117352056168506
"985","500-1000","0.08-0.1",0.2,"2-3",1,0,0
"986","500-1000","0.08-0.1",0.2,"3-4",1,0,0
"987","500-1000","0.08-0.1",0.2,"4-5",1,0,0
"988","500-1000","0.08-0.1",0.2,"5-10",1,0,0
"989","500-1000","0.08-0.1",0.2,"10-20",1,0,0
"990","500-1000","0.08-0.1",0.2,"20-30",0.93981018981019,0.0601898101898102,0
"991","500-1000","0.08-0.1",0.2,"30-40",0.306728880157171,0.692288801571709,0.000982318271119843
"992","500-1000","0.08-0.1",0.2,"40-50",0.0132288094071534,0.893924546790789,0.0928466438020578
"993","500-1000","0.08-0.1",0.25,"2-3",1,0,0
"994","500-1000","0.08-0.1",0.25,"3-4",1,0,0
"995","500-1000","0.08-0.1",0.25,"4-5",1,0,0
"996","500-1000","0.08-0.1",0.25,"5-10",1,0,0
"997","500-1000","0.08-0.1",0.25,"10-20",1,0,0
"998","500-1000","0.08-0.1",0.25,"20-30",0.949136042832806,0.050863957167194,0
"999","500-1000","0.08-0.1",0.25,"30-40",0.302461613453571,0.696807214233488,0.00073117231294175
"1000","500-1000","0.08-0.1",0.25,"40-50",0.00957760314341847,0.913310412573674,0.0771119842829077
"1001","1-30","0-0.02",0.05,"2-3",1,0,0
"1002","1-30","0-0.02",0.05,"3-4",1,0,0
"1003","1-30","0-0.02",0.05,"4-5",1,0,0
"1004","1-30","0-0.02",0.05,"5-10",1,0,0
"1005","1-30","0-0.02",0.05,"10-20",1,0,0
"1006","1-30","0-0.02",0.05,"20-30",1,0,0
"1007","1-30","0-0.02",0.05,"30-40",1,0,0
"1008","1-30","0-0.02",0.05,"40-50",1,0,0
"1009","1-30","0-0.02",0.1,"2-3",1,0,0
"1010","1-30","0-0.02",0.1,"3-4",1,0,0
"1011","1-30","0-0.02",0.1,"4-5",1,0,0
"1012","1-30","0-0.02",0.1,"5-10",1,0,0
"1013","1-30","0-0.02",0.1,"10-20",1,0,0
"1014","1-30","0-0.02",0.1,"20-30",1,0,0
"1015","1-30","0-0.02",0.1,"30-40",1,0,0
"1016","1-30","0-0.02",0.1,"40-50",1,0,0
"1017","1-30","0-0.02",0.15,"2-3",1,0,0
"1018","1-30","0-0.02",0.15,"3-4",1,0,0
"1019","1-30","0-0.02",0.15,"4-5",1,0,0
"1020","1-30","0-0.02",0.15,"5-10",1,0,0
"1021","1-30","0-0.02",0.15,"10-20",1,0,0
"1022","1-30","0-0.02",0.15,"20-30",1,0,0
"1023","1-30","0-0.02",0.15,"30-40",1,0,0
"1024","1-30","0-0.02",0.15,"40-50",1,0,0
"1025","1-30","0-0.02",0.2,"2-3",1,0,0
"1026","1-30","0-0.02",0.2,"3-4",1,0,0
"1027","1-30","0-0.02",0.2,"4-5",1,0,0
"1028","1-30","0-0.02",0.2,"5-10",1,0,0
"1029","1-30","0-0.02",0.2,"10-20",1,0,0
"1030","1-30","0-0.02",0.2,"20-30",1,0,0
"1031","1-30","0-0.02",0.2,"30-40",1,0,0
"1032","1-30","0-0.02",0.2,"40-50",1,0,0
"1033","1-30","0-0.02",0.25,"2-3",1,0,0
"1034","1-30","0-0.02",0.25,"3-4",1,0,0
"1035","1-30","0-0.02",0.25,"4-5",1,0,0
"1036","1-30","0-0.02",0.25,"5-10",1,0,0
"1037","1-30","0-0.02",0.25,"10-20",1,0,0
"1038","1-30","0-0.02",0.25,"20-30",1,0,0
"1039","1-30","0-0.02",0.25,"30-40",1,0,0
"1040","1-30","0-0.02",0.25,"40-50",1,0,0
"1041","1-30","0.02-0.04",0.05,"2-3",1,0,0
"1042","1-30","0.02-0.04",0.05,"3-4",1,0,0
"1043","1-30","0.02-0.04",0.05,"4-5",1,0,0
"1044","1-30","0.02-0.04",0.05,"5-10",1,0,0
"1045","1-30","0.02-0.04",0.05,"10-20",1,0,0
"1046","1-30","0.02-0.04",0.05,"20-30",1,0,0
"1047","1-30","0.02-0.04",0.05,"30-40",1,0,0
"1048","1-30","0.02-0.04",0.05,"40-50",1,0,0
"1049","1-30","0.02-0.04",0.1,"2-3",1,0,0
"1050","1-30","0.02-0.04",0.1,"3-4",1,0,0
"1051","1-30","0.02-0.04",0.1,"4-5",1,0,0
"1052","1-30","0.02-0.04",0.1,"5-10",1,0,0
"1053","1-30","0.02-0.04",0.1,"10-20",1,0,0
"1054","1-30","0.02-0.04",0.1,"20-30",1,0,0
"1055","1-30","0.02-0.04",0.1,"30-40",1,0,0
"1056","1-30","0.02-0.04",0.1,"40-50",1,0,0
"1057","1-30","0.02-0.04",0.15,"2-3",1,0,0
"1058","1-30","0.02-0.04",0.15,"3-4",1,0,0
"1059","1-30","0.02-0.04",0.15,"4-5",1,0,0
"1060","1-30","0.02-0.04",0.15,"5-10",1,0,0
"1061","1-30","0.02-0.04",0.15,"10-20",1,0,0
"1062","1-30","0.02-0.04",0.15,"20-30",1,0,0
"1063","1-30","0.02-0.04",0.15,"30-40",1,0,0
"1064","1-30","0.02-0.04",0.15,"40-50",1,0,0
"1065","1-30","0.02-0.04",0.2,"2-3",1,0,0
"1066","1-30","0.02-0.04",0.2,"3-4",1,0,0
"1067","1-30","0.02-0.04",0.2,"4-5",1,0,0
"1068","1-30","0.02-0.04",0.2,"5-10",1,0,0
"1069","1-30","0.02-0.04",0.2,"10-20",1,0,0
"1070","1-30","0.02-0.04",0.2,"20-30",1,0,0
"1071","1-30","0.02-0.04",0.2,"30-40",1,0,0
"1072","1-30","0.02-0.04",0.2,"40-50",1,0,0
"1073","1-30","0.02-0.04",0.25,"2-3",1,0,0
"1074","1-30","0.02-0.04",0.25,"3-4",1,0,0
"1075","1-30","0.02-0.04",0.25,"4-5",1,0,0
"1076","1-30","0.02-0.04",0.25,"5-10",1,0,0
"1077","1-30","0.02-0.04",0.25,"10-20",1,0,0
"1078","1-30","0.02-0.04",0.25,"20-30",1,0,0
"1079","1-30","0.02-0.04",0.25,"30-40",1,0,0
"1080","1-30","0.02-0.04",0.25,"40-50",1,0,0
"1081","1-30","0.04-0.06",0.05,"2-3",1,0,0
"1082","1-30","0.04-0.06",0.05,"3-4",1,0,0
"1083","1-30","0.04-0.06",0.05,"4-5",1,0,0
"1084","1-30","0.04-0.06",0.05,"5-10",1,0,0
"1085","1-30","0.04-0.06",0.05,"10-20",1,0,0
"1086","1-30","0.04-0.06",0.05,"20-30",1,0,0
"1087","1-30","0.04-0.06",0.05,"30-40",1,0,0
"1088","1-30","0.04-0.06",0.05,"40-50",1,0,0
"1089","1-30","0.04-0.06",0.1,"2-3",1,0,0
"1090","1-30","0.04-0.06",0.1,"3-4",1,0,0
"1091","1-30","0.04-0.06",0.1,"4-5",1,0,0
"1092","1-30","0.04-0.06",0.1,"5-10",1,0,0
"1093","1-30","0.04-0.06",0.1,"10-20",1,0,0
"1094","1-30","0.04-0.06",0.1,"20-30",1,0,0
"1095","1-30","0.04-0.06",0.1,"30-40",1,0,0
"1096","1-30","0.04-0.06",0.1,"40-50",1,0,0
"1097","1-30","0.04-0.06",0.15,"2-3",1,0,0
"1098","1-30","0.04-0.06",0.15,"3-4",1,0,0
"1099","1-30","0.04-0.06",0.15,"4-5",1,0,0
"1100","1-30","0.04-0.06",0.15,"5-10",1,0,0
"1101","1-30","0.04-0.06",0.15,"10-20",1,0,0
"1102","1-30","0.04-0.06",0.15,"20-30",1,0,0
"1103","1-30","0.04-0.06",0.15,"30-40",1,0,0
"1104","1-30","0.04-0.06",0.15,"40-50",1,0,0
"1105","1-30","0.04-0.06",0.2,"2-3",1,0,0
"1106","1-30","0.04-0.06",0.2,"3-4",1,0,0
"1107","1-30","0.04-0.06",0.2,"4-5",1,0,0
"1108","1-30","0.04-0.06",0.2,"5-10",1,0,0
"1109","1-30","0.04-0.06",0.2,"10-20",1,0,0
"1110","1-30","0.04-0.06",0.2,"20-30",1,0,0
"1111","1-30","0.04-0.06",0.2,"30-40",1,0,0
"1112","1-30","0.04-0.06",0.2,"40-50",1,0,0
"1113","1-30","0.04-0.06",0.25,"2-3",1,0,0
"1114","1-30","0.04-0.06",0.25,"3-4",1,0,0
"1115","1-30","0.04-0.06",0.25,"4-5",1,0,0
"1116","1-30","0.04-0.06",0.25,"5-10",1,0,0
"1117","1-30","0.04-0.06",0.25,"10-20",1,0,0
"1118","1-30","0.04-0.06",0.25,"20-30",1,0,0
"1119","1-30","0.04-0.06",0.25,"30-40",1,0,0
"1120","1-30","0.04-0.06",0.25,"40-50",1,0,0
"1121","1-30","0.06-0.08",0.05,"2-3",1,0,0
"1122","1-30","0.06-0.08",0.05,"3-4",1,0,0
"1123","1-30","0.06-0.08",0.05,"4-5",1,0,0
"1124","1-30","0.06-0.08",0.05,"5-10",1,0,0
"1125","1-30","0.06-0.08",0.05,"10-20",1,0,0
"1126","1-30","0.06-0.08",0.05,"20-30",1,0,0
"1127","1-30","0.06-0.08",0.05,"30-40",1,0,0
"1128","1-30","0.06-0.08",0.05,"40-50",1,0,0
"1129","1-30","0.06-0.08",0.1,"2-3",1,0,0
"1130","1-30","0.06-0.08",0.1,"3-4",1,0,0
"1131","1-30","0.06-0.08",0.1,"4-5",1,0,0
"1132","1-30","0.06-0.08",0.1,"5-10",1,0,0
"1133","1-30","0.06-0.08",0.1,"10-20",1,0,0
"1134","1-30","0.06-0.08",0.1,"20-30",1,0,0
"1135","1-30","0.06-0.08",0.1,"30-40",1,0,0
"1136","1-30","0.06-0.08",0.1,"40-50",1,0,0
"1137","1-30","0.06-0.08",0.15,"2-3",1,0,0
"1138","1-30","0.06-0.08",0.15,"3-4",1,0,0
"1139","1-30","0.06-0.08",0.15,"4-5",1,0,0
"1140","1-30","0.06-0.08",0.15,"5-10",1,0,0
"1141","1-30","0.06-0.08",0.15,"10-20",1,0,0
"1142","1-30","0.06-0.08",0.15,"20-30",1,0,0
"1143","1-30","0.06-0.08",0.15,"30-40",1,0,0
"1144","1-30","0.06-0.08",0.15,"40-50",1,0,0
"1145","1-30","0.06-0.08",0.2,"2-3",1,0,0
"1146","1-30","0.06-0.08",0.2,"3-4",1,0,0
"1147","1-30","0.06-0.08",0.2,"4-5",1,0,0
"1148","1-30","0.06-0.08",0.2,"5-10",1,0,0
"1149","1-30","0.06-0.08",0.2,"10-20",1,0,0
"1150","1-30","0.06-0.08",0.2,"20-30",1,0,0
"1151","1-30","0.06-0.08",0.2,"30-40",1,0,0
"1152","1-30","0.06-0.08",0.2,"40-50",1,0,0
"1153","1-30","0.06-0.08",0.25,"2-3",1,0,0
"1154","1-30","0.06-0.08",0.25,"3-4",1,0,0
"1155","1-30","0.06-0.08",0.25,"4-5",1,0,0
"1156","1-30","0.06-0.08",0.25,"5-10",1,0,0
"1157","1-30","0.06-0.08",0.25,"10-20",1,0,0
"1158","1-30","0.06-0.08",0.25,"20-30",1,0,0
"1159","1-30","0.06-0.08",0.25,"30-40",1,0,0
"1160","1-30","0.06-0.08",0.25,"40-50",1,0,0
"1161","1-30","0.08-0.1",0.05,"2-3",1,0,0
"1162","1-30","0.08-0.1",0.05,"3-4",1,0,0
"1163","1-30","0.08-0.1",0.05,"4-5",1,0,0
"1164","1-30","0.08-0.1",0.05,"5-10",1,0,0
"1165","1-30","0.08-0.1",0.05,"10-20",1,0,0
"1166","1-30","0.08-0.1",0.05,"20-30",1,0,0
"1167","1-30","0.08-0.1",0.05,"30-40",1,0,0
"1168","1-30","0.08-0.1",0.05,"40-50",1,0,0
"1169","1-30","0.08-0.1",0.1,"2-3",1,0,0
"1170","1-30","0.08-0.1",0.1,"3-4",1,0,0
"1171","1-30","0.08-0.1",0.1,"4-5",1,0,0
"1172","1-30","0.08-0.1",0.1,"5-10",1,0,0
"1173","1-30","0.08-0.1",0.1,"10-20",1,0,0
"1174","1-30","0.08-0.1",0.1,"20-30",1,0,0
"1175","1-30","0.08-0.1",0.1,"30-40",1,0,0
"1176","1-30","0.08-0.1",0.1,"40-50",1,0,0
"1177","1-30","0.08-0.1",0.15,"2-3",1,0,0
"1178","1-30","0.08-0.1",0.15,"3-4",1,0,0
"1179","1-30","0.08-0.1",0.15,"4-5",1,0,0
"1180","1-30","0.08-0.1",0.15,"5-10",1,0,0
"1181","1-30","0.08-0.1",0.15,"10-20",1,0,0
"1182","1-30","0.08-0.1",0.15,"20-30",1,0,0
"1183","1-30","0.08-0.1",0.15,"30-40",1,0,0
"1184","1-30","0.08-0.1",0.15,"40-50",1,0,0
"1185","1-30","0.08-0.1",0.2,"2-3",1,0,0
"1186","1-30","0.08-0.1",0.2,"3-4",1,0,0
"1187","1-30","0.08-0.1",0.2,"4-5",1,0,0
"1188","1-30","0.08-0.1",0.2,"5-10",1,0,0
"1189","1-30","0.08-0.1",0.2,"10-20",1,0,0
"1190","1-30","0.08-0.1",0.2,"20-30",1,0,0
"1191","1-30","0.08-0.1",0.2,"30-40",1,0,0
"1192","1-30","0.08-0.1",0.2,"40-50",1,0,0
"1193","1-30","0.08-0.1",0.25,"2-3",1,0,0
"1194","1-30","0.08-0.1",0.25,"3-4",1,0,0
"1195","1-30","0.08-0.1",0.25,"4-5",1,0,0
"1196","1-30","0.08-0.1",0.25,"5-10",1,0,0
"1197","1-30","0.08-0.1",0.25,"10-20",1,0,0
"1198","1-30","0.08-0.1",0.25,"20-30",1,0,0
"1199","1-30","0.08-0.1",0.25,"30-40",1,0,0
"1200","1-30","0.08-0.1",0.25,"40-50",1,0,0
"1201","30-60","0-0.02",0.05,"2-3",1,0,0
"1202","30-60","0-0.02",0.05,"3-4",1,0,0
"1203","30-60","0-0.02",0.05,"4-5",1,0,0
"1204","30-60","0-0.02",0.05,"5-10",1,0,0
"1205","30-60","0-0.02",0.05,"10-20",1,0,0
"1206","30-60","0-0.02",0.05,"20-30",1,0,0
"1207","30-60","0-0.02",0.05,"30-40",1,0,0
"1208","30-60","0-0.02",0.05,"40-50",1,0,0
"1209","30-60","0-0.02",0.1,"2-3",1,0,0
"1210","30-60","0-0.02",0.1,"3-4",1,0,0
"1211","30-60","0-0.02",0.1,"4-5",1,0,0
"1212","30-60","0-0.02",0.1,"5-10",1,0,0
"1213","30-60","0-0.02",0.1,"10-20",1,0,0
"1214","30-60","0-0.02",0.1,"20-30",1,0,0
"1215","30-60","0-0.02",0.1,"30-40",1,0,0
"1216","30-60","0-0.02",0.1,"40-50",1,0,0
"1217","30-60","0-0.02",0.15,"2-3",1,0,0
"1218","30-60","0-0.02",0.15,"3-4",1,0,0
"1219","30-60","0-0.02",0.15,"4-5",1,0,0
"1220","30-60","0-0.02",0.15,"5-10",1,0,0
"1221","30-60","0-0.02",0.15,"10-20",1,0,0
"1222","30-60","0-0.02",0.15,"20-30",1,0,0
"1223","30-60","0-0.02",0.15,"30-40",1,0,0
"1224","30-60","0-0.02",0.15,"40-50",1,0,0
"1225","30-60","0-0.02",0.2,"2-3",1,0,0
"1226","30-60","0-0.02",0.2,"3-4",1,0,0
"1227","30-60","0-0.02",0.2,"4-5",1,0,0
"1228","30-60","0-0.02",0.2,"5-10",1,0,0
"1229","30-60","0-0.02",0.2,"10-20",1,0,0
"1230","30-60","0-0.02",0.2,"20-30",1,0,0
"1231","30-60","0-0.02",0.2,"30-40",1,0,0
"1232","30-60","0-0.02",0.2,"40-50",1,0,0
"1233","30-60","0-0.02",0.25,"2-3",1,0,0
"1234","30-60","0-0.02",0.25,"3-4",1,0,0
"1235","30-60","0-0.02",0.25,"4-5",1,0,0
"1236","30-60","0-0.02",0.25,"5-10",1,0,0
"1237","30-60","0-0.02",0.25,"10-20",1,0,0
"1238","30-60","0-0.02",0.25,"20-30",1,0,0
"1239","30-60","0-0.02",0.25,"30-40",1,0,0
"1240","30-60","0-0.02",0.25,"40-50",1,0,0
"1241","30-60","0.02-0.04",0.05,"2-3",1,0,0
"1242","30-60","0.02-0.04",0.05,"3-4",1,0,0
"1243","30-60","0.02-0.04",0.05,"4-5",1,0,0
"1244","30-60","0.02-0.04",0.05,"5-10",1,0,0
"1245","30-60","0.02-0.04",0.05,"10-20",1,0,0
"1246","30-60","0.02-0.04",0.05,"20-30",1,0,0
"1247","30-60","0.02-0.04",0.05,"30-40",1,0,0
"1248","30-60","0.02-0.04",0.05,"40-50",1,0,0
"1249","30-60","0.02-0.04",0.1,"2-3",1,0,0
"1250","30-60","0.02-0.04",0.1,"3-4",1,0,0
"1251","30-60","0.02-0.04",0.1,"4-5",1,0,0
"1252","30-60","0.02-0.04",0.1,"5-10",1,0,0
"1253","30-60","0.02-0.04",0.1,"10-20",1,0,0
"1254","30-60","0.02-0.04",0.1,"20-30",1,0,0
"1255","30-60","0.02-0.04",0.1,"30-40",1,0,0
"1256","30-60","0.02-0.04",0.1,"40-50",1,0,0
"1257","30-60","0.02-0.04",0.15,"2-3",1,0,0
"1258","30-60","0.02-0.04",0.15,"3-4",1,0,0
"1259","30-60","0.02-0.04",0.15,"4-5",1,0,0
"1260","30-60","0.02-0.04",0.15,"5-10",1,0,0
"1261","30-60","0.02-0.04",0.15,"10-20",1,0,0
"1262","30-60","0.02-0.04",0.15,"20-30",1,0,0
"1263","30-60","0.02-0.04",0.15,"30-40",1,0,0
"1264","30-60","0.02-0.04",0.15,"40-50",1,0,0
"1265","30-60","0.02-0.04",0.2,"2-3",1,0,0
"1266","30-60","0.02-0.04",0.2,"3-4",1,0,0
"1267","30-60","0.02-0.04",0.2,"4-5",1,0,0
"1268","30-60","0.02-0.04",0.2,"5-10",1,0,0
"1269","30-60","0.02-0.04",0.2,"10-20",1,0,0
"1270","30-60","0.02-0.04",0.2,"20-30",1,0,0
"1271","30-60","0.02-0.04",0.2,"30-40",1,0,0
"1272","30-60","0.02-0.04",0.2,"40-50",1,0,0
"1273","30-60","0.02-0.04",0.25,"2-3",1,0,0
"1274","30-60","0.02-0.04",0.25,"3-4",1,0,0
"1275","30-60","0.02-0.04",0.25,"4-5",1,0,0
"1276","30-60","0.02-0.04",0.25,"5-10",1,0,0
"1277","30-60","0.02-0.04",0.25,"10-20",1,0,0
"1278","30-60","0.02-0.04",0.25,"20-30",1,0,0
"1279","30-60","0.02-0.04",0.25,"30-40",1,0,0
"1280","30-60","0.02-0.04",0.25,"40-50",1,0,0
"1281","30-60","0.04-0.06",0.05,"2-3",1,0,0
"1282","30-60","0.04-0.06",0.05,"3-4",1,0,0
"1283","30-60","0.04-0.06",0.05,"4-5",1,0,0
"1284","30-60","0.04-0.06",0.05,"5-10",1,0,0
"1285","30-60","0.04-0.06",0.05,"10-20",1,0,0
"1286","30-60","0.04-0.06",0.05,"20-30",1,0,0
"1287","30-60","0.04-0.06",0.05,"30-40",1,0,0
"1288","30-60","0.04-0.06",0.05,"40-50",1,0,0
"1289","30-60","0.04-0.06",0.1,"2-3",1,0,0
"1290","30-60","0.04-0.06",0.1,"3-4",1,0,0
"1291","30-60","0.04-0.06",0.1,"4-5",1,0,0
"1292","30-60","0.04-0.06",0.1,"5-10",1,0,0
"1293","30-60","0.04-0.06",0.1,"10-20",1,0,0
"1294","30-60","0.04-0.06",0.1,"20-30",1,0,0
"1295","30-60","0.04-0.06",0.1,"30-40",1,0,0
"1296","30-60","0.04-0.06",0.1,"40-50",1,0,0
"1297","30-60","0.04-0.06",0.15,"2-3",1,0,0
"1298","30-60","0.04-0.06",0.15,"3-4",1,0,0
"1299","30-60","0.04-0.06",0.15,"4-5",1,0,0
"1300","30-60","0.04-0.06",0.15,"5-10",1,0,0
"1301","30-60","0.04-0.06",0.15,"10-20",1,0,0
"1302","30-60","0.04-0.06",0.15,"20-30",1,0,0
"1303","30-60","0.04-0.06",0.15,"30-40",1,0,0
"1304","30-60","0.04-0.06",0.15,"40-50",1,0,0
"1305","30-60","0.04-0.06",0.2,"2-3",1,0,0
"1306","30-60","0.04-0.06",0.2,"3-4",1,0,0
"1307","30-60","0.04-0.06",0.2,"4-5",1,0,0
"1308","30-60","0.04-0.06",0.2,"5-10",1,0,0
"1309","30-60","0.04-0.06",0.2,"10-20",1,0,0
"1310","30-60","0.04-0.06",0.2,"20-30",1,0,0
"1311","30-60","0.04-0.06",0.2,"30-40",1,0,0
"1312","30-60","0.04-0.06",0.2,"40-50",1,0,0
"1313","30-60","0.04-0.06",0.25,"2-3",1,0,0
"1314","30-60","0.04-0.06",0.25,"3-4",1,0,0
"1315","30-60","0.04-0.06",0.25,"4-5",1,0,0
"1316","30-60","0.04-0.06",0.25,"5-10",1,0,0
"1317","30-60","0.04-0.06",0.25,"10-20",1,0,0
"1318","30-60","0.04-0.06",0.25,"20-30",1,0,0
"1319","30-60","0.04-0.06",0.25,"30-40",1,0,0
"1320","30-60","0.04-0.06",0.25,"40-50",1,0,0
"1321","30-60","0.06-0.08",0.05,"2-3",1,0,0
"1322","30-60","0.06-0.08",0.05,"3-4",1,0,0
"1323","30-60","0.06-0.08",0.05,"4-5",1,0,0
"1324","30-60","0.06-0.08",0.05,"5-10",1,0,0
"1325","30-60","0.06-0.08",0.05,"10-20",1,0,0
"1326","30-60","0.06-0.08",0.05,"20-30",1,0,0
"1327","30-60","0.06-0.08",0.05,"30-40",1,0,0
"1328","30-60","0.06-0.08",0.05,"40-50",1,0,0
"1329","30-60","0.06-0.08",0.1,"2-3",1,0,0
"1330","30-60","0.06-0.08",0.1,"3-4",1,0,0
"1331","30-60","0.06-0.08",0.1,"4-5",1,0,0
"1332","30-60","0.06-0.08",0.1,"5-10",1,0,0
"1333","30-60","0.06-0.08",0.1,"10-20",1,0,0
"1334","30-60","0.06-0.08",0.1,"20-30",1,0,0
"1335","30-60","0.06-0.08",0.1,"30-40",1,0,0
"1336","30-60","0.06-0.08",0.1,"40-50",1,0,0
"1337","30-60","0.06-0.08",0.15,"2-3",1,0,0
"1338","30-60","0.06-0.08",0.15,"3-4",1,0,0
"1339","30-60","0.06-0.08",0.15,"4-5",1,0,0
"1340","30-60","0.06-0.08",0.15,"5-10",1,0,0
"1341","30-60","0.06-0.08",0.15,"10-20",1,0,0
"1342","30-60","0.06-0.08",0.15,"20-30",1,0,0
"1343","30-60","0.06-0.08",0.15,"30-40",1,0,0
"1344","30-60","0.06-0.08",0.15,"40-50",1,0,0
"1345","30-60","0.06-0.08",0.2,"2-3",1,0,0
"1346","30-60","0.06-0.08",0.2,"3-4",1,0,0
"1347","30-60","0.06-0.08",0.2,"4-5",1,0,0
"1348","30-60","0.06-0.08",0.2,"5-10",1,0,0
"1349","30-60","0.06-0.08",0.2,"10-20",1,0,0
"1350","30-60","0.06-0.08",0.2,"20-30",1,0,0
"1351","30-60","0.06-0.08",0.2,"30-40",1,0,0
"1352","30-60","0.06-0.08",0.2,"40-50",1,0,0
"1353","30-60","0.06-0.08",0.25,"2-3",1,0,0
"1354","30-60","0.06-0.08",0.25,"3-4",1,0,0
"1355","30-60","0.06-0.08",0.25,"4-5",1,0,0
"1356","30-60","0.06-0.08",0.25,"5-10",1,0,0
"1357","30-60","0.06-0.08",0.25,"10-20",1,0,0
"1358","30-60","0.06-0.08",0.25,"20-30",1,0,0
"1359","30-60","0.06-0.08",0.25,"30-40",1,0,0
"1360","30-60","0.06-0.08",0.25,"40-50",1,0,0
"1361","30-60","0.08-0.1",0.05,"2-3",1,0,0
"1362","30-60","0.08-0.1",0.05,"3-4",1,0,0
"1363","30-60","0.08-0.1",0.05,"4-5",1,0,0
"1364","30-60","0.08-0.1",0.05,"5-10",1,0,0
"1365","30-60","0.08-0.1",0.05,"10-20",1,0,0
"1366","30-60","0.08-0.1",0.05,"20-30",1,0,0
"1367","30-60","0.08-0.1",0.05,"30-40",1,0,0
"1368","30-60","0.08-0.1",0.05,"40-50",1,0,0
"1369","30-60","0.08-0.1",0.1,"2-3",1,0,0
"1370","30-60","0.08-0.1",0.1,"3-4",1,0,0
"1371","30-60","0.08-0.1",0.1,"4-5",1,0,0
"1372","30-60","0.08-0.1",0.1,"5-10",1,0,0
"1373","30-60","0.08-0.1",0.1,"10-20",1,0,0
"1374","30-60","0.08-0.1",0.1,"20-30",1,0,0
"1375","30-60","0.08-0.1",0.1,"30-40",1,0,0
"1376","30-60","0.08-0.1",0.1,"40-50",1,0,0
"1377","30-60","0.08-0.1",0.15,"2-3",1,0,0
"1378","30-60","0.08-0.1",0.15,"3-4",1,0,0
"1379","30-60","0.08-0.1",0.15,"4-5",1,0,0
"1380","30-60","0.08-0.1",0.15,"5-10",1,0,0
"1381","30-60","0.08-0.1",0.15,"10-20",1,0,0
"1382","30-60","0.08-0.1",0.15,"20-30",1,0,0
"1383","30-60","0.08-0.1",0.15,"30-40",1,0,0
"1384","30-60","0.08-0.1",0.15,"40-50",1,0,0
"1385","30-60","0.08-0.1",0.2,"2-3",1,0,0
"1386","30-60","0.08-0.1",0.2,"3-4",1,0,0
"1387","30-60","0.08-0.1",0.2,"4-5",1,0,0
"1388","30-60","0.08-0.1",0.2,"5-10",1,0,0
"1389","30-60","0.08-0.1",0.2,"10-20",1,0,0
"1390","30-60","0.08-0.1",0.2,"20-30",1,0,0
"1391","30-60","0.08-0.1",0.2,"30-40",1,0,0
"1392","30-60","0.08-0.1",0.2,"40-50",1,0,0
"1393","30-60","0.08-0.1",0.25,"2-3",1,0,0
"1394","30-60","0.08-0.1",0.25,"3-4",1,0,0
"1395","30-60","0.08-0.1",0.25,"4-5",1,0,0
"1396","30-60","0.08-0.1",0.25,"5-10",1,0,0
"1397","30-60","0.08-0.1",0.25,"10-20",1,0,0
"1398","30-60","0.08-0.1",0.25,"20-30",1,0,0
"1399","30-60","0.08-0.1",0.25,"30-40",1,0,0
"1400","30-60","0.08-0.1",0.25,"40-50",1,0,0
"1401","60-100","0-0.02",0.05,"2-3",1,0,0
"1402","60-100","0-0.02",0.05,"3-4",1,0,0
"1403","60-100","0-0.02",0.05,"4-5",1,0,0
"1404","60-100","0-0.02",0.05,"5-10",1,0,0
"1405","60-100","0-0.02",0.05,"10-20",1,0,0
"1406","60-100","0-0.02",0.05,"20-30",1,0,0
"1407","60-100","0-0.02",0.05,"30-40",1,0,0
"1408","60-100","0-0.02",0.05,"40-50",1,0,0
"1409","60-100","0-0.02",0.1,"2-3",1,0,0
"1410","60-100","0-0.02",0.1,"3-4",1,0,0
"1411","60-100","0-0.02",0.1,"4-5",1,0,0
"1412","60-100","0-0.02",0.1,"5-10",1,0,0
"1413","60-100","0-0.02",0.1,"10-20",1,0,0
"1414","60-100","0-0.02",0.1,"20-30",1,0,0
"1415","60-100","0-0.02",0.1,"30-40",1,0,0
"1416","60-100","0-0.02",0.1,"40-50",1,0,0
"1417","60-100","0-0.02",0.15,"2-3",1,0,0
"1418","60-100","0-0.02",0.15,"3-4",1,0,0
"1419","60-100","0-0.02",0.15,"4-5",1,0,0
"1420","60-100","0-0.02",0.15,"5-10",1,0,0
"1421","60-100","0-0.02",0.15,"10-20",1,0,0
"1422","60-100","0-0.02",0.15,"20-30",1,0,0
"1423","60-100","0-0.02",0.15,"30-40",1,0,0
"1424","60-100","0-0.02",0.15,"40-50",1,0,0
"1425","60-100","0-0.02",0.2,"2-3",1,0,0
"1426","60-100","0-0.02",0.2,"3-4",1,0,0
"1427","60-100","0-0.02",0.2,"4-5",1,0,0
"1428","60-100","0-0.02",0.2,"5-10",1,0,0
"1429","60-100","0-0.02",0.2,"10-20",1,0,0
"1430","60-100","0-0.02",0.2,"20-30",1,0,0
"1431","60-100","0-0.02",0.2,"30-40",1,0,0
"1432","60-100","0-0.02",0.2,"40-50",1,0,0
"1433","60-100","0-0.02",0.25,"2-3",1,0,0
"1434","60-100","0-0.02",0.25,"3-4",1,0,0
"1435","60-100","0-0.02",0.25,"4-5",1,0,0
"1436","60-100","0-0.02",0.25,"5-10",1,0,0
"1437","60-100","0-0.02",0.25,"10-20",1,0,0
"1438","60-100","0-0.02",0.25,"20-30",1,0,0
"1439","60-100","0-0.02",0.25,"30-40",1,0,0
"1440","60-100","0-0.02",0.25,"40-50",1,0,0
"1441","60-100","0.02-0.04",0.05,"2-3",1,0,0
"1442","60-100","0.02-0.04",0.05,"3-4",1,0,0
"1443","60-100","0.02-0.04",0.05,"4-5",1,0,0
"1444","60-100","0.02-0.04",0.05,"5-10",1,0,0
"1445","60-100","0.02-0.04",0.05,"10-20",1,0,0
"1446","60-100","0.02-0.04",0.05,"20-30",1,0,0
"1447","60-100","0.02-0.04",0.05,"30-40",1,0,0
"1448","60-100","0.02-0.04",0.05,"40-50",1,0,0
"1449","60-100","0.02-0.04",0.1,"2-3",1,0,0
"1450","60-100","0.02-0.04",0.1,"3-4",1,0,0
"1451","60-100","0.02-0.04",0.1,"4-5",1,0,0
"1452","60-100","0.02-0.04",0.1,"5-10",1,0,0
"1453","60-100","0.02-0.04",0.1,"10-20",1,0,0
"1454","60-100","0.02-0.04",0.1,"20-30",1,0,0
"1455","60-100","0.02-0.04",0.1,"30-40",1,0,0
"1456","60-100","0.02-0.04",0.1,"40-50",1,0,0
"1457","60-100","0.02-0.04",0.15,"2-3",1,0,0
"1458","60-100","0.02-0.04",0.15,"3-4",1,0,0
"1459","60-100","0.02-0.04",0.15,"4-5",1,0,0
"1460","60-100","0.02-0.04",0.15,"5-10",1,0,0
"1461","60-100","0.02-0.04",0.15,"10-20",1,0,0
"1462","60-100","0.02-0.04",0.15,"20-30",1,0,0
"1463","60-100","0.02-0.04",0.15,"30-40",1,0,0
"1464","60-100","0.02-0.04",0.15,"40-50",1,0,0
"1465","60-100","0.02-0.04",0.2,"2-3",1,0,0
"1466","60-100","0.02-0.04",0.2,"3-4",1,0,0
"1467","60-100","0.02-0.04",0.2,"4-5",1,0,0
"1468","60-100","0.02-0.04",0.2,"5-10",1,0,0
"1469","60-100","0.02-0.04",0.2,"10-20",1,0,0
"1470","60-100","0.02-0.04",0.2,"20-30",1,0,0
"1471","60-100","0.02-0.04",0.2,"30-40",1,0,0
"1472","60-100","0.02-0.04",0.2,"40-50",1,0,0
"1473","60-100","0.02-0.04",0.25,"2-3",1,0,0
"1474","60-100","0.02-0.04",0.25,"3-4",1,0,0
"1475","60-100","0.02-0.04",0.25,"4-5",1,0,0
"1476","60-100","0.02-0.04",0.25,"5-10",1,0,0
"1477","60-100","0.02-0.04",0.25,"10-20",1,0,0
"1478","60-100","0.02-0.04",0.25,"20-30",1,0,0
"1479","60-100","0.02-0.04",0.25,"30-40",1,0,0
"1480","60-100","0.02-0.04",0.25,"40-50",1,0,0
"1481","60-100","0.04-0.06",0.05,"2-3",1,0,0
"1482","60-100","0.04-0.06",0.05,"3-4",1,0,0
"1483","60-100","0.04-0.06",0.05,"4-5",1,0,0
"1484","60-100","0.04-0.06",0.05,"5-10",1,0,0
"1485","60-100","0.04-0.06",0.05,"10-20",1,0,0
"1486","60-100","0.04-0.06",0.05,"20-30",1,0,0
"1487","60-100","0.04-0.06",0.05,"30-40",1,0,0
"1488","60-100","0.04-0.06",0.05,"40-50",1,0,0
"1489","60-100","0.04-0.06",0.1,"2-3",1,0,0
"1490","60-100","0.04-0.06",0.1,"3-4",1,0,0
"1491","60-100","0.04-0.06",0.1,"4-5",1,0,0
"1492","60-100","0.04-0.06",0.1,"5-10",1,0,0
"1493","60-100","0.04-0.06",0.1,"10-20",1,0,0
"1494","60-100","0.04-0.06",0.1,"20-30",1,0,0
"1495","60-100","0.04-0.06",0.1,"30-40",1,0,0
"1496","60-100","0.04-0.06",0.1,"40-50",1,0,0
"1497","60-100","0.04-0.06",0.15,"2-3",1,0,0
"1498","60-100","0.04-0.06",0.15,"3-4",1,0,0
"1499","60-100","0.04-0.06",0.15,"4-5",1,0,0
"1500","60-100","0.04-0.06",0.15,"5-10",1,0,0
"1501","60-100","0.04-0.06",0.15,"10-20",1,0,0
"1502","60-100","0.04-0.06",0.15,"20-30",1,0,0
"1503","60-100","0.04-0.06",0.15,"30-40",1,0,0
"1504","60-100","0.04-0.06",0.15,"40-50",1,0,0
"1505","60-100","0.04-0.06",0.2,"2-3",1,0,0
"1506","60-100","0.04-0.06",0.2,"3-4",1,0,0
"1507","60-100","0.04-0.06",0.2,"4-5",1,0,0
"1508","60-100","0.04-0.06",0.2,"5-10",1,0,0
"1509","60-100","0.04-0.06",0.2,"10-20",1,0,0
"1510","60-100","0.04-0.06",0.2,"20-30",1,0,0
"1511","60-100","0.04-0.06",0.2,"30-40",1,0,0
"1512","60-100","0.04-0.06",0.2,"40-50",1,0,0
"1513","60-100","0.04-0.06",0.25,"2-3",1,0,0
"1514","60-100","0.04-0.06",0.25,"3-4",1,0,0
"1515","60-100","0.04-0.06",0.25,"4-5",1,0,0
"1516","60-100","0.04-0.06",0.25,"5-10",1,0,0
"1517","60-100","0.04-0.06",0.25,"10-20",1,0,0
"1518","60-100","0.04-0.06",0.25,"20-30",1,0,0
"1519","60-100","0.04-0.06",0.25,"30-40",1,0,0
"1520","60-100","0.04-0.06",0.25,"40-50",1,0,0
"1521","60-100","0.06-0.08",0.05,"2-3",1,0,0
"1522","60-100","0.06-0.08",0.05,"3-4",1,0,0
"1523","60-100","0.06-0.08",0.05,"4-5",1,0,0
"1524","60-100","0.06-0.08",0.05,"5-10",1,0,0
"1525","60-100","0.06-0.08",0.05,"10-20",1,0,0
"1526","60-100","0.06-0.08",0.05,"20-30",1,0,0
"1527","60-100","0.06-0.08",0.05,"30-40",1,0,0
"1528","60-100","0.06-0.08",0.05,"40-50",1,0,0
"1529","60-100","0.06-0.08",0.1,"2-3",1,0,0
"1530","60-100","0.06-0.08",0.1,"3-4",1,0,0
"1531","60-100","0.06-0.08",0.1,"4-5",1,0,0
"1532","60-100","0.06-0.08",0.1,"5-10",1,0,0
"1533","60-100","0.06-0.08",0.1,"10-20",1,0,0
"1534","60-100","0.06-0.08",0.1,"20-30",1,0,0
"1535","60-100","0.06-0.08",0.1,"30-40",1,0,0
"1536","60-100","0.06-0.08",0.1,"40-50",1,0,0
"1537","60-100","0.06-0.08",0.15,"2-3",1,0,0
"1538","60-100","0.06-0.08",0.15,"3-4",1,0,0
"1539","60-100","0.06-0.08",0.15,"4-5",1,0,0
"1540","60-100","0.06-0.08",0.15,"5-10",1,0,0
"1541","60-100","0.06-0.08",0.15,"10-20",1,0,0
"1542","60-100","0.06-0.08",0.15,"20-30",1,0,0
"1543","60-100","0.06-0.08",0.15,"30-40",1,0,0
"1544","60-100","0.06-0.08",0.15,"40-50",1,0,0
"1545","60-100","0.06-0.08",0.2,"2-3",1,0,0
"1546","60-100","0.06-0.08",0.2,"3-4",1,0,0
"1547","60-100","0.06-0.08",0.2,"4-5",1,0,0
"1548","60-100","0.06-0.08",0.2,"5-10",1,0,0
"1549","60-100","0.06-0.08",0.2,"10-20",1,0,0
"1550","60-100","0.06-0.08",0.2,"20-30",1,0,0
"1551","60-100","0.06-0.08",0.2,"30-40",1,0,0
"1552","60-100","0.06-0.08",0.2,"40-50",1,0,0
"1553","60-100","0.06-0.08",0.25,"2-3",1,0,0
"1554","60-100","0.06-0.08",0.25,"3-4",1,0,0
"1555","60-100","0.06-0.08",0.25,"4-5",1,0,0
"1556","60-100","0.06-0.08",0.25,"5-10",1,0,0
"1557","60-100","0.06-0.08",0.25,"10-20",1,0,0
"1558","60-100","0.06-0.08",0.25,"20-30",1,0,0
"1559","60-100","0.06-0.08",0.25,"30-40",1,0,0
"1560","60-100","0.06-0.08",0.25,"40-50",1,0,0
"1561","60-100","0.08-0.1",0.05,"2-3",1,0,0
"1562","60-100","0.08-0.1",0.05,"3-4",1,0,0
"1563","60-100","0.08-0.1",0.05,"4-5",1,0,0
"1564","60-100","0.08-0.1",0.05,"5-10",1,0,0
"1565","60-100","0.08-0.1",0.05,"10-20",1,0,0
"1566","60-100","0.08-0.1",0.05,"20-30",1,0,0
"1567","60-100","0.08-0.1",0.05,"30-40",1,0,0
"1568","60-100","0.08-0.1",0.05,"40-50",1,0,0
"1569","60-100","0.08-0.1",0.1,"2-3",1,0,0
"1570","60-100","0.08-0.1",0.1,"3-4",1,0,0
"1571","60-100","0.08-0.1",0.1,"4-5",1,0,0
"1572","60-100","0.08-0.1",0.1,"5-10",1,0,0
"1573","60-100","0.08-0.1",0.1,"10-20",1,0,0
"1574","60-100","0.08-0.1",0.1,"20-30",1,0,0
"1575","60-100","0.08-0.1",0.1,"30-40",1,0,0
"1576","60-100","0.08-0.1",0.1,"40-50",1,0,0
"1577","60-100","0.08-0.1",0.15,"2-3",1,0,0
"1578","60-100","0.08-0.1",0.15,"3-4",1,0,0
"1579","60-100","0.08-0.1",0.15,"4-5",1,0,0
"1580","60-100","0.08-0.1",0.15,"5-10",1,0,0
"1581","60-100","0.08-0.1",0.15,"10-20",1,0,0
"1582","60-100","0.08-0.1",0.15,"20-30",1,0,0
"1583","60-100","0.08-0.1",0.15,"30-40",1,0,0
"1584","60-100","0.08-0.1",0.15,"40-50",1,0,0
"1585","60-100","0.08-0.1",0.2,"2-3",1,0,0
"1586","60-100","0.08-0.1",0.2,"3-4",1,0,0
"1587","60-100","0.08-0.1",0.2,"4-5",1,0,0
"1588","60-100","0.08-0.1",0.2,"5-10",1,0,0
"1589","60-100","0.08-0.1",0.2,"10-20",1,0,0
"1590","60-100","0.08-0.1",0.2,"20-30",1,0,0
"1591","60-100","0.08-0.1",0.2,"30-40",1,0,0
"1592","60-100","0.08-0.1",0.2,"40-50",1,0,0
"1593","60-100","0.08-0.1",0.25,"2-3",1,0,0
"1594","60-100","0.08-0.1",0.25,"3-4",1,0,0
"1595","60-100","0.08-0.1",0.25,"4-5",1,0,0
"1596","60-100","0.08-0.1",0.25,"5-10",1,0,0
"1597","60-100","0.08-0.1",0.25,"10-20",1,0,0
"1598","60-100","0.08-0.1",0.25,"20-30",1,0,0
"1599","60-100","0.08-0.1",0.25,"30-40",1,0,0
"1600","60-100","0.08-0.1",0.25,"40-50",1,0,0
"1601","100-500","0-0.02",0.05,"2-3",1,0,0
"1602","100-500","0-0.02",0.05,"3-4",1,0,0
"1603","100-500","0-0.02",0.05,"4-5",1,0,0
"1604","100-500","0-0.02",0.05,"5-10",1,0,0
"1605","100-500","0-0.02",0.05,"10-20",1,0,0
"1606","100-500","0-0.02",0.05,"20-30",1,0,0
"1607","100-500","0-0.02",0.05,"30-40",1,0,0
"1608","100-500","0-0.02",0.05,"40-50",1,0,0
"1609","100-500","0-0.02",0.1,"2-3",1,0,0
"1610","100-500","0-0.02",0.1,"3-4",1,0,0
"1611","100-500","0-0.02",0.1,"4-5",1,0,0
"1612","100-500","0-0.02",0.1,"5-10",1,0,0
"1613","100-500","0-0.02",0.1,"10-20",1,0,0
"1614","100-500","0-0.02",0.1,"20-30",1,0,0
"1615","100-500","0-0.02",0.1,"30-40",1,0,0
"1616","100-500","0-0.02",0.1,"40-50",1,0,0
"1617","100-500","0-0.02",0.15,"2-3",1,0,0
"1618","100-500","0-0.02",0.15,"3-4",1,0,0
"1619","100-500","0-0.02",0.15,"4-5",1,0,0
"1620","100-500","0-0.02",0.15,"5-10",1,0,0
"1621","100-500","0-0.02",0.15,"10-20",1,0,0
"1622","100-500","0-0.02",0.15,"20-30",1,0,0
"1623","100-500","0-0.02",0.15,"30-40",1,0,0
"1624","100-500","0-0.02",0.15,"40-50",1,0,0
"1625","100-500","0-0.02",0.2,"2-3",1,0,0
"1626","100-500","0-0.02",0.2,"3-4",1,0,0
"1627","100-500","0-0.02",0.2,"4-5",1,0,0
"1628","100-500","0-0.02",0.2,"5-10",1,0,0
"1629","100-500","0-0.02",0.2,"10-20",1,0,0
"1630","100-500","0-0.02",0.2,"20-30",1,0,0
"1631","100-500","0-0.02",0.2,"30-40",1,0,0
"1632","100-500","0-0.02",0.2,"40-50",1,0,0
"1633","100-500","0-0.02",0.25,"2-3",1,0,0
"1634","100-500","0-0.02",0.25,"3-4",1,0,0
"1635","100-500","0-0.02",0.25,"4-5",1,0,0
"1636","100-500","0-0.02",0.25,"5-10",1,0,0
"1637","100-500","0-0.02",0.25,"10-20",1,0,0
"1638","100-500","0-0.02",0.25,"20-30",1,0,0
"1639","100-500","0-0.02",0.25,"30-40",1,0,0
"1640","100-500","0-0.02",0.25,"40-50",1,0,0
"1641","100-500","0.02-0.04",0.05,"2-3",1,0,0
"1642","100-500","0.02-0.04",0.05,"3-4",1,0,0
"1643","100-500","0.02-0.04",0.05,"4-5",1,0,0
"1644","100-500","0.02-0.04",0.05,"5-10",1,0,0
"1645","100-500","0.02-0.04",0.05,"10-20",1,0,0
"1646","100-500","0.02-0.04",0.05,"20-30",1,0,0
"1647","100-500","0.02-0.04",0.05,"30-40",1,0,0
"1648","100-500","0.02-0.04",0.05,"40-50",0.999696509863429,0.000303490136570561,0
"1649","100-500","0.02-0.04",0.1,"2-3",1,0,0
"1650","100-500","0.02-0.04",0.1,"3-4",1,0,0
"1651","100-500","0.02-0.04",0.1,"4-5",1,0,0
"1652","100-500","0.02-0.04",0.1,"5-10",1,0,0
"1653","100-500","0.02-0.04",0.1,"10-20",1,0,0
"1654","100-500","0.02-0.04",0.1,"20-30",1,0,0
"1655","100-500","0.02-0.04",0.1,"30-40",1,0,0
"1656","100-500","0.02-0.04",0.1,"40-50",1,0,0
"1657","100-500","0.02-0.04",0.15,"2-3",1,0,0
"1658","100-500","0.02-0.04",0.15,"3-4",1,0,0
"1659","100-500","0.02-0.04",0.15,"4-5",1,0,0
"1660","100-500","0.02-0.04",0.15,"5-10",1,0,0
"1661","100-500","0.02-0.04",0.15,"10-20",1,0,0
"1662","100-500","0.02-0.04",0.15,"20-30",1,0,0
"1663","100-500","0.02-0.04",0.15,"30-40",1,0,0
"1664","100-500","0.02-0.04",0.15,"40-50",1,0,0
"1665","100-500","0.02-0.04",0.2,"2-3",1,0,0
"1666","100-500","0.02-0.04",0.2,"3-4",1,0,0
"1667","100-500","0.02-0.04",0.2,"4-5",1,0,0
"1668","100-500","0.02-0.04",0.2,"5-10",1,0,0
"1669","100-500","0.02-0.04",0.2,"10-20",1,0,0
"1670","100-500","0.02-0.04",0.2,"20-30",1,0,0
"1671","100-500","0.02-0.04",0.2,"30-40",1,0,0
"1672","100-500","0.02-0.04",0.2,"40-50",1,0,0
"1673","100-500","0.02-0.04",0.25,"2-3",1,0,0
"1674","100-500","0.02-0.04",0.25,"3-4",1,0,0
"1675","100-500","0.02-0.04",0.25,"4-5",1,0,0
"1676","100-500","0.02-0.04",0.25,"5-10",1,0,0
"1677","100-500","0.02-0.04",0.25,"10-20",1,0,0
"1678","100-500","0.02-0.04",0.25,"20-30",1,0,0
"1679","100-500","0.02-0.04",0.25,"30-40",1,0,0
"1680","100-500","0.02-0.04",0.25,"40-50",1,0,0
"1681","100-500","0.04-0.06",0.05,"2-3",1,0,0
"1682","100-500","0.04-0.06",0.05,"3-4",1,0,0
"1683","100-500","0.04-0.06",0.05,"4-5",1,0,0
"1684","100-500","0.04-0.06",0.05,"5-10",1,0,0
"1685","100-500","0.04-0.06",0.05,"10-20",1,0,0
"1686","100-500","0.04-0.06",0.05,"20-30",1,0,0
"1687","100-500","0.04-0.06",0.05,"30-40",0.99813200498132,0.00186799501867995,0
"1688","100-500","0.04-0.06",0.05,"40-50",0.98096992019644,0.0190300798035605,0
"1689","100-500","0.04-0.06",0.1,"2-3",1,0,0
"1690","100-500","0.04-0.06",0.1,"3-4",1,0,0
"1691","100-500","0.04-0.06",0.1,"4-5",1,0,0
"1692","100-500","0.04-0.06",0.1,"5-10",1,0,0
"1693","100-500","0.04-0.06",0.1,"10-20",1,0,0
"1694","100-500","0.04-0.06",0.1,"20-30",1,0,0
"1695","100-500","0.04-0.06",0.1,"30-40",0.999695214873514,0.000304785126485827,0
"1696","100-500","0.04-0.06",0.1,"40-50",0.995082974800246,0.00491702519975415,0
"1697","100-500","0.04-0.06",0.15,"2-3",1,0,0
"1698","100-500","0.04-0.06",0.15,"3-4",1,0,0
"1699","100-500","0.04-0.06",0.15,"4-5",1,0,0
"1700","100-500","0.04-0.06",0.15,"5-10",1,0,0
"1701","100-500","0.04-0.06",0.15,"10-20",1,0,0
"1702","100-500","0.04-0.06",0.15,"20-30",1,0,0
"1703","100-500","0.04-0.06",0.15,"30-40",1,0,0
"1704","100-500","0.04-0.06",0.15,"40-50",0.996634026927785,0.00336597307221542,0
"1705","100-500","0.04-0.06",0.2,"2-3",1,0,0
"1706","100-500","0.04-0.06",0.2,"3-4",1,0,0
"1707","100-500","0.04-0.06",0.2,"4-5",1,0,0
"1708","100-500","0.04-0.06",0.2,"5-10",1,0,0
"1709","100-500","0.04-0.06",0.2,"10-20",1,0,0
"1710","100-500","0.04-0.06",0.2,"20-30",1,0,0
"1711","100-500","0.04-0.06",0.2,"30-40",1,0,0
"1712","100-500","0.04-0.06",0.2,"40-50",0.999074645280691,0.000925354719309068,0
"1713","100-500","0.04-0.06",0.25,"2-3",1,0,0
"1714","100-500","0.04-0.06",0.25,"3-4",1,0,0
"1715","100-500","0.04-0.06",0.25,"4-5",1,0,0
"1716","100-500","0.04-0.06",0.25,"5-10",1,0,0
"1717","100-500","0.04-0.06",0.25,"10-20",1,0,0
"1718","100-500","0.04-0.06",0.25,"20-30",1,0,0
"1719","100-500","0.04-0.06",0.25,"30-40",1,0,0
"1720","100-500","0.04-0.06",0.25,"40-50",0.999394673123487,0.000605326876513317,0
"1721","100-500","0.06-0.08",0.05,"2-3",1,0,0
"1722","100-500","0.06-0.08",0.05,"3-4",1,0,0
"1723","100-500","0.06-0.08",0.05,"4-5",1,0,0
"1724","100-500","0.06-0.08",0.05,"5-10",1,0,0
"1725","100-500","0.06-0.08",0.05,"10-20",1,0,0
"1726","100-500","0.06-0.08",0.05,"20-30",0.998765050941649,0.00123494905835134,0
"1727","100-500","0.06-0.08",0.05,"30-40",0.95366444579043,0.04633555420957,0
"1728","100-500","0.06-0.08",0.05,"40-50",0.825367647058823,0.17156862745098,0.00306372549019608
"1729","100-500","0.06-0.08",0.1,"2-3",1,0,0
"1730","100-500","0.06-0.08",0.1,"3-4",1,0,0
"1731","100-500","0.06-0.08",0.1,"4-5",1,0,0
"1732","100-500","0.06-0.08",0.1,"5-10",1,0,0
"1733","100-500","0.06-0.08",0.1,"10-20",1,0,0
"1734","100-500","0.06-0.08",0.1,"20-30",0.999702114983616,0.000297885016383676,0
"1735","100-500","0.06-0.08",0.1,"30-40",0.98544266191325,0.0145573380867499,0
"1736","100-500","0.06-0.08",0.1,"40-50",0.895341614906832,0.104658385093168,0
"1737","100-500","0.06-0.08",0.15,"2-3",1,0,0
"1738","100-500","0.06-0.08",0.15,"3-4",1,0,0
"1739","100-500","0.06-0.08",0.15,"4-5",1,0,0
"1740","100-500","0.06-0.08",0.15,"5-10",1,0,0
"1741","100-500","0.06-0.08",0.15,"10-20",1,0,0
"1742","100-500","0.06-0.08",0.15,"20-30",1,0,0
"1743","100-500","0.06-0.08",0.15,"30-40",0.991972831120716,0.00802716887928373,0
"1744","100-500","0.06-0.08",0.15,"40-50",0.882136279926335,0.117863720073665,0
"1745","100-500","0.06-0.08",0.2,"2-3",1,0,0
"1746","100-500","0.06-0.08",0.2,"3-4",1,0,0
"1747","100-500","0.06-0.08",0.2,"4-5",1,0,0
"1748","100-500","0.06-0.08",0.2,"5-10",1,0,0
"1749","100-500","0.06-0.08",0.2,"10-20",1,0,0
"1750","100-500","0.06-0.08",0.2,"20-30",1,0,0
"1751","100-500","0.06-0.08",0.2,"30-40",0.994394269697913,0.00560573030208658,0
"1752","100-500","0.06-0.08",0.2,"40-50",0.909258123850399,0.0907418761496015,0
"1753","100-500","0.06-0.08",0.25,"2-3",1,0,0
"1754","100-500","0.06-0.08",0.25,"3-4",1,0,0
"1755","100-500","0.06-0.08",0.25,"4-5",1,0,0
"1756","100-500","0.06-0.08",0.25,"5-10",1,0,0
"1757","100-500","0.06-0.08",0.25,"10-20",1,0,0
"1758","100-500","0.06-0.08",0.25,"20-30",1,0,0
"1759","100-500","0.06-0.08",0.25,"30-40",0.993928354584092,0.00607164541590771,0
"1760","100-500","0.06-0.08",0.25,"40-50",0.912216083486802,0.0877839165131983,0
"1761","100-500","0.08-0.1",0.05,"2-3",1,0,0
"1762","100-500","0.08-0.1",0.05,"3-4",1,0,0
"1763","100-500","0.08-0.1",0.05,"4-5",1,0,0
"1764","100-500","0.08-0.1",0.05,"5-10",1,0,0
"1765","100-500","0.08-0.1",0.05,"10-20",1,0,0
"1766","100-500","0.08-0.1",0.05,"20-30",0.97442143727162,0.02557856272838,0
"1767","100-500","0.08-0.1",0.05,"30-40",0.820544176092938,0.178538673188627,0.000917150718434729
"1768","100-500","0.08-0.1",0.05,"40-50",0.603997501561524,0.381011867582761,0.0149906308557152
"1769","100-500","0.08-0.1",0.1,"2-3",1,0,0
"1770","100-500","0.08-0.1",0.1,"3-4",1,0,0
"1771","100-500","0.08-0.1",0.1,"4-5",1,0,0
"1772","100-500","0.08-0.1",0.1,"5-10",1,0,0
"1773","100-500","0.08-0.1",0.1,"10-20",1,0,0
"1774","100-500","0.08-0.1",0.1,"20-30",0.992992078001219,0.00700792199878123,0
"1775","100-500","0.08-0.1",0.1,"30-40",0.898555179833999,0.101444820166001,0
"1776","100-500","0.08-0.1",0.1,"40-50",0.671056569889255,0.328943430110745,0
"1777","100-500","0.08-0.1",0.15,"2-3",1,0,0
"1778","100-500","0.08-0.1",0.15,"3-4",1,0,0
"1779","100-500","0.08-0.1",0.15,"4-5",1,0,0
"1780","100-500","0.08-0.1",0.15,"5-10",1,0,0
"1781","100-500","0.08-0.1",0.15,"10-20",1,0,0
"1782","100-500","0.08-0.1",0.15,"20-30",0.99594383775351,0.00405616224648986,0
"1783","100-500","0.08-0.1",0.15,"30-40",0.879938271604938,0.120061728395062,0
"1784","100-500","0.08-0.1",0.15,"40-50",0.627155848228285,0.372530573847601,0.000313577924114142
"1785","100-500","0.08-0.1",0.2,"2-3",1,0,0
"1786","100-500","0.08-0.1",0.2,"3-4",1,0,0
"1787","100-500","0.08-0.1",0.2,"4-5",1,0,0
"1788","100-500","0.08-0.1",0.2,"5-10",1,0,0
"1789","100-500","0.08-0.1",0.2,"10-20",1,0,0
"1790","100-500","0.08-0.1",0.2,"20-30",0.997863247863248,0.00213675213675214,0
"1791","100-500","0.08-0.1",0.2,"30-40",0.905169776690119,0.0948302233098807,0
"1792","100-500","0.08-0.1",0.2,"40-50",0.653073833796725,0.346617238183503,0.000308928019771393
"1793","100-500","0.08-0.1",0.25,"2-3",1,0,0
"1794","100-500","0.08-0.1",0.25,"3-4",1,0,0
"1795","100-500","0.08-0.1",0.25,"4-5",1,0,0
"1796","100-500","0.08-0.1",0.25,"5-10",1,0,0
"1797","100-500","0.08-0.1",0.25,"10-20",1,0,0
"1798","100-500","0.08-0.1",0.25,"20-30",0.998786039453718,0.00121396054628225,0
"1799","100-500","0.08-0.1",0.25,"30-40",0.908172635445363,0.0918273645546373,0
"1800","100-500","0.08-0.1",0.25,"40-50",0.662298079853703,0.337701920146297,0
"1801","500-1000","0-0.02",0.05,"2-3",1,0,0
"1802","500-1000","0-0.02",0.05,"3-4",1,0,0
"1803","500-1000","0-0.02",0.05,"4-5",1,0,0
"1804","500-1000","0-0.02",0.05,"5-10",1,0,0
"1805","500-1000","0-0.02",0.05,"10-20",1,0,0
"1806","500-1000","0-0.02",0.05,"20-30",1,0,0
"1807","500-1000","0-0.02",0.05,"30-40",1,0,0
"1808","500-1000","0-0.02",0.05,"40-50",1,0,0
"1809","500-1000","0-0.02",0.1,"2-3",1,0,0
"1810","500-1000","0-0.02",0.1,"3-4",1,0,0
"1811","500-1000","0-0.02",0.1,"4-5",1,0,0
"1812","500-1000","0-0.02",0.1,"5-10",1,0,0
"1813","500-1000","0-0.02",0.1,"10-20",1,0,0
"1814","500-1000","0-0.02",0.1,"20-30",1,0,0
"1815","500-1000","0-0.02",0.1,"30-40",1,0,0
"1816","500-1000","0-0.02",0.1,"40-50",1,0,0
"1817","500-1000","0-0.02",0.15,"2-3",1,0,0
"1818","500-1000","0-0.02",0.15,"3-4",1,0,0
"1819","500-1000","0-0.02",0.15,"4-5",1,0,0
"1820","500-1000","0-0.02",0.15,"5-10",1,0,0
"1821","500-1000","0-0.02",0.15,"10-20",1,0,0
"1822","500-1000","0-0.02",0.15,"20-30",1,0,0
"1823","500-1000","0-0.02",0.15,"30-40",1,0,0
"1824","500-1000","0-0.02",0.15,"40-50",1,0,0
"1825","500-1000","0-0.02",0.2,"2-3",1,0,0
"1826","500-1000","0-0.02",0.2,"3-4",1,0,0
"1827","500-1000","0-0.02",0.2,"4-5",1,0,0
"1828","500-1000","0-0.02",0.2,"5-10",1,0,0
"1829","500-1000","0-0.02",0.2,"10-20",1,0,0
"1830","500-1000","0-0.02",0.2,"20-30",1,0,0
"1831","500-1000","0-0.02",0.2,"30-40",1,0,0
"1832","500-1000","0-0.02",0.2,"40-50",1,0,0
"1833","500-1000","0-0.02",0.25,"2-3",1,0,0
"1834","500-1000","0-0.02",0.25,"3-4",1,0,0
"1835","500-1000","0-0.02",0.25,"4-5",1,0,0
"1836","500-1000","0-0.02",0.25,"5-10",1,0,0
"1837","500-1000","0-0.02",0.25,"10-20",1,0,0
"1838","500-1000","0-0.02",0.25,"20-30",1,0,0
"1839","500-1000","0-0.02",0.25,"30-40",1,0,0
"1840","500-1000","0-0.02",0.25,"40-50",1,0,0
"1841","500-1000","0.02-0.04",0.05,"2-3",1,0,0
"1842","500-1000","0.02-0.04",0.05,"3-4",1,0,0
"1843","500-1000","0.02-0.04",0.05,"4-5",1,0,0
"1844","500-1000","0.02-0.04",0.05,"5-10",1,0,0
"1845","500-1000","0.02-0.04",0.05,"10-20",1,0,0
"1846","500-1000","0.02-0.04",0.05,"20-30",1,0,0
"1847","500-1000","0.02-0.04",0.05,"30-40",1,0,0
"1848","500-1000","0.02-0.04",0.05,"40-50",0.998522531396208,0.00147746860379217,0
"1849","500-1000","0.02-0.04",0.1,"2-3",1,0,0
"1850","500-1000","0.02-0.04",0.1,"3-4",1,0,0
"1851","500-1000","0.02-0.04",0.1,"4-5",1,0,0
"1852","500-1000","0.02-0.04",0.1,"5-10",1,0,0
"1853","500-1000","0.02-0.04",0.1,"10-20",1,0,0
"1854","500-1000","0.02-0.04",0.1,"20-30",1,0,0
"1855","500-1000","0.02-0.04",0.1,"30-40",1,0,0
"1856","500-1000","0.02-0.04",0.1,"40-50",0.999762300927026,0.000237699072973615,0
"1857","500-1000","0.02-0.04",0.15,"2-3",1,0,0
"1858","500-1000","0.02-0.04",0.15,"3-4",1,0,0
"1859","500-1000","0.02-0.04",0.15,"4-5",1,0,0
"1860","500-1000","0.02-0.04",0.15,"5-10",1,0,0
"1861","500-1000","0.02-0.04",0.15,"10-20",1,0,0
"1862","500-1000","0.02-0.04",0.15,"20-30",1,0,0
"1863","500-1000","0.02-0.04",0.15,"30-40",1,0,0
"1864","500-1000","0.02-0.04",0.15,"40-50",1,0,0
"1865","500-1000","0.02-0.04",0.2,"2-3",1,0,0
"1866","500-1000","0.02-0.04",0.2,"3-4",1,0,0
"1867","500-1000","0.02-0.04",0.2,"4-5",1,0,0
"1868","500-1000","0.02-0.04",0.2,"5-10",1,0,0
"1869","500-1000","0.02-0.04",0.2,"10-20",1,0,0
"1870","500-1000","0.02-0.04",0.2,"20-30",1,0,0
"1871","500-1000","0.02-0.04",0.2,"30-40",1,0,0
"1872","500-1000","0.02-0.04",0.2,"40-50",1,0,0
"1873","500-1000","0.02-0.04",0.25,"2-3",1,0,0
"1874","500-1000","0.02-0.04",0.25,"3-4",1,0,0
"1875","500-1000","0.02-0.04",0.25,"4-5",1,0,0
"1876","500-1000","0.02-0.04",0.25,"5-10",1,0,0
"1877","500-1000","0.02-0.04",0.25,"10-20",1,0,0
"1878","500-1000","0.02-0.04",0.25,"20-30",1,0,0
"1879","500-1000","0.02-0.04",0.25,"30-40",1,0,0
"1880","500-1000","0.02-0.04",0.25,"40-50",1,0,0
"1881","500-1000","0.04-0.06",0.05,"2-3",1,0,0
"1882","500-1000","0.04-0.06",0.05,"3-4",1,0,0
"1883","500-1000","0.04-0.06",0.05,"4-5",1,0,0
"1884","500-1000","0.04-0.06",0.05,"5-10",1,0,0
"1885","500-1000","0.04-0.06",0.05,"10-20",1,0,0
"1886","500-1000","0.04-0.06",0.05,"20-30",0.999265066144047,0.000734933855952964,0
"1887","500-1000","0.04-0.06",0.05,"30-40",0.981012658227848,0.0189873417721519,0
"1888","500-1000","0.04-0.06",0.05,"40-50",0.861907114624506,0.136857707509881,0.00123517786561265
"1889","500-1000","0.04-0.06",0.1,"2-3",1,0,0
"1890","500-1000","0.04-0.06",0.1,"3-4",1,0,0
"1891","500-1000","0.04-0.06",0.1,"4-5",1,0,0
"1892","500-1000","0.04-0.06",0.1,"5-10",1,0,0
"1893","500-1000","0.04-0.06",0.1,"10-20",1,0,0
"1894","500-1000","0.04-0.06",0.1,"20-30",1,0,0
"1895","500-1000","0.04-0.06",0.1,"30-40",0.997305242528172,0.00269475747182754,0
"1896","500-1000","0.04-0.06",0.1,"40-50",0.926052889324192,0.073947110675808,0
"1897","500-1000","0.04-0.06",0.15,"2-3",1,0,0
"1898","500-1000","0.04-0.06",0.15,"3-4",1,0,0
"1899","500-1000","0.04-0.06",0.15,"4-5",1,0,0
"1900","500-1000","0.04-0.06",0.15,"5-10",1,0,0
"1901","500-1000","0.04-0.06",0.15,"10-20",1,0,0
"1902","500-1000","0.04-0.06",0.15,"20-30",1,0,0
"1903","500-1000","0.04-0.06",0.15,"30-40",0.998780785174348,0.00121921482565228,0
"1904","500-1000","0.04-0.06",0.15,"40-50",0.929041697147037,0.0709583028529627,0
"1905","500-1000","0.04-0.06",0.2,"2-3",1,0,0
"1906","500-1000","0.04-0.06",0.2,"3-4",1,0,0
"1907","500-1000","0.04-0.06",0.2,"4-5",1,0,0
"1908","500-1000","0.04-0.06",0.2,"5-10",1,0,0
"1909","500-1000","0.04-0.06",0.2,"10-20",1,0,0
"1910","500-1000","0.04-0.06",0.2,"20-30",1,0,0
"1911","500-1000","0.04-0.06",0.2,"30-40",1,0,0
"1912","500-1000","0.04-0.06",0.2,"40-50",0.947368421052632,0.0526315789473684,0
"1913","500-1000","0.04-0.06",0.25,"2-3",1,0,0
"1914","500-1000","0.04-0.06",0.25,"3-4",1,0,0
"1915","500-1000","0.04-0.06",0.25,"4-5",1,0,0
"1916","500-1000","0.04-0.06",0.25,"5-10",1,0,0
"1917","500-1000","0.04-0.06",0.25,"10-20",1,0,0
"1918","500-1000","0.04-0.06",0.25,"20-30",1,0,0
"1919","500-1000","0.04-0.06",0.25,"30-40",1,0,0
"1920","500-1000","0.04-0.06",0.25,"40-50",0.951412989588498,0.0485870104115022,0
"1921","500-1000","0.06-0.08",0.05,"2-3",1,0,0
"1922","500-1000","0.06-0.08",0.05,"3-4",1,0,0
"1923","500-1000","0.06-0.08",0.05,"4-5",1,0,0
"1924","500-1000","0.06-0.08",0.05,"5-10",1,0,0
"1925","500-1000","0.06-0.08",0.05,"10-20",1,0,0
"1926","500-1000","0.06-0.08",0.05,"20-30",0.978776529338327,0.0212234706616729,0
"1927","500-1000","0.06-0.08",0.05,"30-40",0.761072834645669,0.235728346456693,0.0031988188976378
"1928","500-1000","0.06-0.08",0.05,"40-50",0.358812074001947,0.606377799415774,0.0348101265822785
"1929","500-1000","0.06-0.08",0.1,"2-3",1,0,0
"1930","500-1000","0.06-0.08",0.1,"3-4",1,0,0
"1931","500-1000","0.06-0.08",0.1,"4-5",1,0,0
"1932","500-1000","0.06-0.08",0.1,"5-10",1,0,0
"1933","500-1000","0.06-0.08",0.1,"10-20",1,0,0
"1934","500-1000","0.06-0.08",0.1,"20-30",0.996581196581197,0.00341880341880342,0
"1935","500-1000","0.06-0.08",0.1,"30-40",0.838997348758737,0.161002651241263,0
"1936","500-1000","0.06-0.08",0.1,"40-50",0.369253223060083,0.623692532230601,0.00705424470931647
"1937","500-1000","0.06-0.08",0.15,"2-3",1,0,0
"1938","500-1000","0.06-0.08",0.15,"3-4",1,0,0
"1939","500-1000","0.06-0.08",0.15,"4-5",1,0,0
"1940","500-1000","0.06-0.08",0.15,"5-10",1,0,0
"1941","500-1000","0.06-0.08",0.15,"10-20",1,0,0
"1942","500-1000","0.06-0.08",0.15,"20-30",0.997530864197531,0.00246913580246914,0
"1943","500-1000","0.06-0.08",0.15,"30-40",0.840200047630388,0.159799952369612,0
"1944","500-1000","0.06-0.08",0.15,"40-50",0.321987577639752,0.673788819875776,0.00422360248447205
"1945","500-1000","0.06-0.08",0.2,"2-3",1,0,0
"1946","500-1000","0.06-0.08",0.2,"3-4",1,0,0
"1947","500-1000","0.06-0.08",0.2,"4-5",1,0,0
"1948","500-1000","0.06-0.08",0.2,"5-10",1,0,0
"1949","500-1000","0.06-0.08",0.2,"10-20",1,0,0
"1950","500-1000","0.06-0.08",0.2,"20-30",0.999263984298332,0.000736015701668302,0
"1951","500-1000","0.06-0.08",0.2,"30-40",0.865281173594132,0.134718826405868,0
"1952","500-1000","0.06-0.08",0.2,"40-50",0.33062930186824,0.668633235004916,0.000737463126843658
"1953","500-1000","0.06-0.08",0.25,"2-3",1,0,0
"1954","500-1000","0.06-0.08",0.25,"3-4",1,0,0
"1955","500-1000","0.06-0.08",0.25,"4-5",1,0,0
"1956","500-1000","0.06-0.08",0.25,"5-10",1,0,0
"1957","500-1000","0.06-0.08",0.25,"10-20",1,0,0
"1958","500-1000","0.06-0.08",0.25,"20-30",0.999251310207138,0.000748689792862491,0
"1959","500-1000","0.06-0.08",0.25,"30-40",0.874627606752731,0.125372393247269,0
"1960","500-1000","0.06-0.08",0.25,"40-50",0.321619556913675,0.677871148459384,0.000509294626941686
"1961","500-1000","0.08-0.1",0.05,"2-3",1,0,0
"1962","500-1000","0.08-0.1",0.05,"3-4",1,0,0
"1963","500-1000","0.08-0.1",0.05,"4-5",1,0,0
"1964","500-1000","0.08-0.1",0.05,"5-10",1,0,0
"1965","500-1000","0.08-0.1",0.05,"10-20",0.996512207274539,0.00348779272546089,0
"1966","500-1000","0.08-0.1",0.05,"20-30",0.853248965685082,0.145777561450475,0.000973472864443904
"1967","500-1000","0.08-0.1",0.05,"30-40",0.356731010278265,0.606417648533467,0.0368513411882677
"1968","500-1000","0.08-0.1",0.05,"40-50",0.0682478218780252,0.711519845111326,0.220232333010649
"1969","500-1000","0.08-0.1",0.1,"2-3",1,0,0
"1970","500-1000","0.08-0.1",0.1,"3-4",1,0,0
"1971","500-1000","0.08-0.1",0.1,"4-5",1,0,0
"1972","500-1000","0.08-0.1",0.1,"5-10",1,0,0
"1973","500-1000","0.08-0.1",0.1,"10-20",0.999757045675413,0.000242954324586978,0
"1974","500-1000","0.08-0.1",0.1,"20-30",0.911591355599214,0.0884086444007859,0
"1975","500-1000","0.08-0.1",0.1,"30-40",0.369184592296148,0.625562781390695,0.00525262631315658
"1976","500-1000","0.08-0.1",0.1,"40-50",0.0390375644488092,0.845077338571078,0.115885096980113
"1977","500-1000","0.08-0.1",0.15,"2-3",1,0,0
"1978","500-1000","0.08-0.1",0.15,"3-4",1,0,0
"1979","500-1000","0.08-0.1",0.15,"4-5",1,0,0
"1980","500-1000","0.08-0.1",0.15,"5-10",1,0,0
"1981","500-1000","0.08-0.1",0.15,"10-20",1,0,0
"1982","500-1000","0.08-0.1",0.15,"20-30",0.914244535190968,0.0857554648090319,0
"1983","500-1000","0.08-0.1",0.15,"30-40",0.304283965728274,0.689596083231334,0.00611995104039168
"1984","500-1000","0.08-0.1",0.15,"40-50",0.0147943831494483,0.867853560682046,0.117352056168506
"1985","500-1000","0.08-0.1",0.2,"2-3",1,0,0
"1986","500-1000","0.08-0.1",0.2,"3-4",1,0,0
"1987","500-1000","0.08-0.1",0.2,"4-5",1,0,0
"1988","500-1000","0.08-0.1",0.2,"5-10",1,0,0
"1989","500-1000","0.08-0.1",0.2,"10-20",1,0,0
"1990","500-1000","0.08-0.1",0.2,"20-30",0.93981018981019,0.0601898101898102,0
"1991","500-1000","0.08-0.1",0.2,"30-40",0.306728880157171,0.692288801571709,0.000982318271119843
"1992","500-1000","0.08-0.1",0.2,"40-50",0.0132288094071534,0.893924546790789,0.0928466438020578
"1993","500-1000","0.08-0.1",0.25,"2-3",1,0,0
"1994","500-1000","0.08-0.1",0.25,"3-4",1,0,0
"1995","500-1000","0.08-0.1",0.25,"4-5",1,0,0
"1996","500-1000","0.08-0.1",0.25,"5-10",1,0,0
"1997","500-1000","0.08-0.1",0.25,"10-20",1,0,0
"1998","500-1000","0.08-0.1",0.25,"20-30",0.949136042832806,0.050863957167194,0
"1999","500-1000","0.08-0.1",0.25,"30-40",0.302461613453571,0.696807214233488,0.00073117231294175
"2000","500-1000","0.08-0.1",0.25,"40-50",0.00957760314341847,0.913310412573674,0.0771119842829077
